<?xml version="1.0" encoding="iso-8859-1"?>
<!DOCTYPE sdb PUBLIC "-//IRIS//XML Specifications//sdb" "http://localhost/spectools/sdb/dtd/sdb.dtd">
<sdb>
	<dbtable name="INDEX_DATABASE">
		<descr>
			Each row of this table describes an index database.
		</descr>
		<column name="ID_CODE" type="VARCHAR" size="50" null="FALSE">
			<descr>
				The unique code of the database.
			</descr>
		</column>
		<column name="ID_STATE" type="VARCHAR" size="50" null="FALSE">
			<descr>
				The status of the database.
			</descr>
		</column>
		<column name="ID_DIALECT" type="VARCHAR" size="50" null="FALSE">
			<descr>
				The dialect of the database.
			</descr>
		</column>
		<column name="ID_DRIVER" type="VARCHAR" size="254" null="FALSE">
			<descr>
				The classname of the JDBC driver used to connect to the index database.
			</descr>
		</column>
		<column name="ID_URL" type="VARCHAR" size="254" null="FALSE">
			<descr>
				The JDBC url used to connect to the index database.
			</descr>
		</column>
		<column name="ID_USERNAME" type="VARCHAR" size="50" null="FALSE">
			<descr>
				The database user to use to connect to the database.
			</descr>
		</column>
		<column name="ID_PASSWORD" type="VARCHAR" size="50" null="FALSE">
			<descr>
				The password to use to connect to the database (the value is encoded to avoid easy reading).
			</descr>
		</column>
		<primarykey name="ID_PK" dbname="ID_CODE"/>
	</dbtable>
	
	<dbtable name="INDEX_DATABASE_L">
		<descr>
			Each row of this table represents localized information about an index database.
		</descr>
		<column name="IDL_ID_CODE" type="VARCHAR" size="50" null="FALSE">
			<descr>
				The id of the database.				
			</descr>
		</column>
		<column name="IDL_LANGUAGE" type="CHAR" size="2" null="FALSE">
			<descr>
				The language of the localized information.
			</descr>
		</column>
		<column name="IDL_LANGUAGE_REQUIRED" type="CHAR" size="1" null="FALSE">
			<descr>
				Indicates if this language must always be completed (Y) or if this language is optional (N).
			</descr>
		</column>
		<column name="IDL_LABEL" type="VARCHAR" size="50">
			<descr>
				A short label describing the database.
			</descr>
		</column>
		<column name="IDL_DESCRIPTION" type="VARCHAR" size="254">
			<descr>
				An user-friendly description of the database.
			</descr>
		</column>
		<primarykey name="IDL_PK" dbname="IDL_ID_CODE,IDL_LANGUAGE"/>
		<foreignkey name="IDL_FK1" dbname="IDL_ID_CODE" ftable="INDEX_DATABASE" ffield="ID_CODE"/>
	</dbtable>

	<dbtable name="TABLE_TECH_ACCESS">
		<descr>
			This table is used internally for technical reasons
		</descr>
		<column name="TEC_DB_VERSION" type="INTEGER">
			<descr>Contains the version of the database</descr>
		</column>
	</dbtable>
</sdb>
