<?xml version="1.0" encoding="iso-8859-1"?>
<!DOCTYPE sdb PUBLIC "-//IRIS//XML Specifications//sdb" "http://localhost/spectools/sdb/dtd/sdb.dtd">
<sdb>
	<dbtable name="STORAGE_CHUNK">
		<descr>
			Each row of this table describes a elementary storage chunk for storing files (primary and secondary).
			Storage chunk can be local or distant.
		</descr>
		<column name="SC_CODE" type="VARCHAR" size="50" null="FALSE">
			<descr>
				The unique technical code of the storage chunk.
			</descr>
		</column>
		<column name="SC_STATE" type="VARCHAR" size="50" null="FALSE">
			<descr>
				The state of the storage chunk.
			</descr>
		</column>
		<column name="SC_LOCK" type="BIGINT" null="FALSE">
			<descr>
				The lock level of this storage chunk.
			</descr>
		</column>
		<column name="SC_URL" type="VARCHAR" size="512" null="FALSE">
			<descr>
				The base VFS url of the storage location. 
			</descr>
		</column>
		<column name="SC_MOUNT" type="VARCHAR" size="254">
			<descr>
				The mount path of the storage space (used only with RetrievalWare/Convera).
			</descr>
		</column>
		<column name="SC_BLOCK" type="BIGINT" null="FALSE">
			<descr>
				The physical block size of the chunk.
				The real physical size on disk of a file of one byte.
				This should be set correctly by the system administrator.
			</descr>
		</column>
		<column name="SC_LIMIT" type="BIGINT" null="FALSE">
			<descr>
				The maximal size of the chunk.
			</descr>
		</column>
		<column name="SC_CURSIZE" type="BIGINT" null="FALSE">
			<descr>
				The current size consumed on the chunk.
			</descr>
		</column>
		<column name="SC_WARN" type="BIGINT" null="FALSE">
			<descr>
				When SC_CURSIZE becomes larger than SC_WARN an email is sent to
				the system administrator.
			</descr>
		</column>
		<column name="SC_WORM" type="BOOL" null="FALSE">
			<descr>
				Indicates if the files stored on the chunk must be set with a
				read only attribute.
				Allowed values : Y or N.
			</descr>
		</column>
		<column name="SC_RETENTION" type="CHAR" size="1" null="FALSE">
			<descr>
				Indicates the retention date policy.
				Indicates if the last update date of the files must be artificially changed.
				N: means no retention date policy (NONE).
				F: means fixed retention date (FIXED), last update time is set to a fixed value.
				D: means delta retention date (DELTA), last update time is increased by a specified amount.
			</descr>			
		</column>
		<column name="SC_RETENTION_DATE" type="TIMESTAMP">
			<descr>
				Only meaningfull if AK_RETENTION is set to F.
				Contains the fixed retention date.
			</descr>
		</column>
		<column name="SC_RETENTION_DELTA" type="INTEGER">
			<descr>
				Only meaningfull if AK_RETENTION is set to D.
				Specifies the delta.
			</descr>
		</column>
		<column name="SC_RETENTION_UNIT" type="CHAR" size="1">
			<descr>
				Only meaningfull if AK_RETENTION is set to D.
				Specifies the units of the delta.
				Valid values are Y (years), M (months), W(weeks), D(days).
			</descr>
		</column>
		<column name="SC_ALLOWS_PRIMARY_FILES" type="BOOL" null="FALSE">
			<descr>
				Indicates if the chunk is allowed to store primary files or not.
			</descr>
		</column>
		<column name="SC_ALLOWS_RENDITIONS" type="BOOL" null="FALSE">
			<descr>
				Indicates if the chunk is allowed to store renditions or not.
			</descr>
		</column>
		<column name="SC_ALLOWS_NOTES" type="BOOL" null="FALSE">
			<descr>
				Indicates if the chunk is allowed to store notes or not.
			</descr>
		</column>
		<primarykey name="SC_PK" dbname="SC_CODE"/>
	</dbtable>

	<dbtable name="STORAGE_CHUNK_DELETION">
		<descr>A deletion on a storage chunk.</descr>
		<column name="SCD_ID" type="BIGINT" null="FALSE" id="TRUE">
			<descr>The unique id of the deletion</descr>
		</column>
		<column name="SCD_SC_CODE" type="VARCHAR" size="50" null="FALSE">
			<descr>A reference to the chunk on which this operation occured</descr>
		</column>
		<column name="SCD_PATH" type="VARCHAR" size="254" null="FALSE">
			<descr>The path of the file to delete</descr>
		</column>
		<column name="SCD_SIZE" type="BIGINT" null="FALSE">
			<descr>The space that can be freed after file deleteion</descr>
		</column>
		<column name="SCD_DATE" type="TIMESTAMP" null="FALSE">
			<descr>The date of the deletion request</descr>
		</column>
		<primarykey name="SCD_PK" dbname="SCD_ID"/>
		<!--  There is no foreign key on SCD_SC_CODE on purpose, it could provoke serious and uncontrollable locking on some rdbms  -->
	</dbtable>

	<dbtable name="STORAGE_CHUNK_CANCELLATION">
		<descr>A cancellation of a deletion on a storage chunk.</descr>
		<column name="SCC_ID" type="BIGINT" null="FALSE">
			<descr>The unique id of the deletion</descr>
		</column>
		<primarykey name="SCC_PK" dbname="SCC_ID"/>
		<!--  There is no foreign key on SCC_ID on purpose, it could provoke serious and uncontrollable locking on some rdbms  -->
	</dbtable>
	
	<dbtable name="ACCESS_CONTROL_LIST">
		<descr>
			Each row of the database modelise an access control list
		</descr>
		<column name="ACL_CODE" type="VARCHAR" size="50" null="FALSE">
			<descr>The unique code of the access control list</descr>
		</column>
		<column name="ACL_STATE" type="VARCHAR" size="50" null="FALSE">
			<descr>The state of the access control list</descr>
		</column>
		<primarykey name="ACL_PK" dbname="ACL_CODE"/>
	</dbtable>
	
	<dbtable name="ACCESS_CONTROL_LIST_L">
		<descr>
			Each row of the database represent localized information about an access control list.
		</descr>
		<column name="ACLL_ACL_CODE" type="VARCHAR" size="50" null="FALSE">
			<descr>
				The code of the access control list.
			</descr>
		</column>
		<column name="ACLL_LANGUAGE" type="CHAR" size="2" null="FALSE">
			<descr>
				The language of the localized information.
			</descr>
		</column>
		<column name="ACLL_LABEL" type="VARCHAR" size="50">
			<descr>
				An user-friendly label of the access control list.
			</descr>
		</column>
		<column name="ACLL_DESCRIPTION" type="VARCHAR" size="254">
			<descr>
				An user-friendly description of the access control list.
			</descr>
		</column>
		<primarykey name="ACLL_PK" dbname="ACLL_ACL_CODE,ACLL_LANGUAGE"/>		
		<foreignkey name="ACLL_FK1" dbname="ACLL_ACL_CODE" ftable="ACCESS_CONTROL_LIST" ffield="ACL_CODE"/>
	</dbtable>
	
	<dbtable name="AUTHORITY_LIST">
		<descr>
			Each row of this table describes an authority list (flat list of coded multilingual values)
		</descr>
		<column name="AL_CODE" type="VARCHAR" size="50" null="FALSE">
			<descr>The unique identifier of the authority list</descr>
		</column>
		<column name="AL_STATE" type="VARCHAR" size="50" null="FALSE">
			<descr>The state of this authority list</descr>
		</column>
		<column name="AL_TYPE" type="CHAR" size="1" null="FALSE">
			<descr>Indicates if the list is external(E) or internal (I)</descr>
		</column>
		<column name="AL_AUTOID" type="CHAR" size="1" null="FALSE">
			<descr>
				Indicates if the id of the list entries are generated automatically.
			</descr>
		</column>
		<column name="AL_EXT_TABLE" type="VARCHAR" size="50">
			<descr>
				The table used to hold the values of the authority list.
				Only for external authority lists.
			</descr>
		</column>
		<column name="AL_EXT_CODE_COLUMN" type="VARCHAR" size="50">
			<descr>
				Used for external authority lists.
			</descr>
		</column>
		<column name="AL_EXT_LANGUAGE_COLUMN" type="VARCHAR" size="50">
			<descr>
				Used for external authority lists.
			</descr>
		</column>			
		<column name="AL_EXT_LABEL_COLUMN" type="VARCHAR" size="50">
			<descr>
				Used for external authority lists.
			</descr>
		</column>			
		<column name="AL_EXT_DESCRIPTION_COLUMN" type="VARCHAR" size="50">
			<descr>
				Used for external authority lists.
			</descr>
		</column>			
		<primarykey name="AL_PK" dbname="AL_CODE"/>
	</dbtable>

	<dbtable name="AUTHORITY_LIST_L">
		<descr>
			Each row of this table represents localized information about an authority list.
		</descr>
		<column name="ALL_AL_CODE" type="VARCHAR" size="50" null="FALSE">
			<descr>
				The code of the authority list.
			</descr>
		</column>
		<column name="ALL_LANGUAGE" type="CHAR" size="2" null="FALSE">
			<descr>
				The language of the localized information.
			</descr>
		</column>
		<column name="ALL_LABEL" type="VARCHAR" size="50">
			<descr>
				An user-friendly label of the authority list.
			</descr>
		</column>
		<column name="ALL_DESCRIPTION" type="VARCHAR" size="254">
			<descr>
				An user-friendly description of the authority list.
			</descr>
		</column>
		<primarykey name="ALL_PK" dbname="ALL_AL_CODE,ALL_LANGUAGE"/>
		<foreignkey name="ALL_FK1" dbname="ALL_AL_CODE" ftable="AUTHORITY_LIST" ffield="AL_CODE"/>
	</dbtable>

	<dbtable name="AUTHORITY_LIST_ENTRY">
		<descr>Each row of this table describe an entry in an authority list</descr>
		<column name="ALE_AL_CODE" type="VARCHAR" size="50" null="FALSE">
			<descr>The unique id of the authority list</descr>
		</column>
		<column name="ALE_CODE" type="VARCHAR" size="50" null="FALSE">
			<descr>The unique code of the authority list entry</descr>
		</column>
		<column name="ALE_STATE" type="VARCHAR" size="50" null="FALSE">
			<descr>The state of the authority list entry</descr>
		</column>
		<primarykey name="ALE_PK" dbname="ALE_AL_CODE, ALE_CODE"/>		
		<foreignkey name="ALE_FK1" dbname="ALE_AL_CODE" ftable="AUTHORITY_LIST" ffield="AL_CODE"/>
	</dbtable>

	<dbtable name="AUTHORITY_LIST_ENTRY_L">
		<descr>
			Each row of this table represents localized information about an authority list.
		</descr>
		<column name="ALEL_AL_CODE" type="VARCHAR" size="50" null="FALSE">
			<descr>
				The code of the authority list.
			</descr>
		</column>
		<column name="ALEL_ALE_CODE" type="VARCHAR" size="50" null="FALSE">
			<descr>
				The code of the authority list entry.
			</descr>
		</column>
		<column name="ALEL_LANGUAGE" type="CHAR" size="2" null="FALSE">
			<descr>
				The language of the localized information.
			</descr>
		</column>
		<column name="ALEL_LABEL" type="VARCHAR" size="254">
			<descr>
				An user-friendly label of the authority list entry.
			</descr>
		</column>
		<column name="ALEL_DESCRIPTION" type="VARCHAR" size="254">
			<descr>
				An user-friendly description of the authority list entry.
			</descr>
		</column>
		<primarykey name="ALEL_PK" dbname="ALEL_AL_CODE,ALEL_ALE_CODE,ALEL_LANGUAGE"/>
		<foreignkey name="ALEL_FK1" dbname="ALEL_AL_CODE,ALEL_ALE_CODE" ftable="AUTHORITY_LIST_ENTRY" ffield="ALE_AL_CODE, ALE_CODE"/>
	</dbtable>
	
	<dbtable name="ACCESS_GROUP">
		<descr>
			Each row of the database represent a group of users
		</descr>
		<column name="AG_CODE" type="VARCHAR" size="50" null="FALSE">
			<descr>The unique code of the user group</descr>
		</column>
		<column name="AG_STATE" type="VARCHAR" size="50" null="FALSE">
			<descr>The state of the user group</descr>
		</column>
		<column name="AG_CRDATE" type="TIMESTAMP" null="FALSE">
			<descr>The creation date of the user group</descr>
		</column>
		<primarykey name="AG_PK" dbname="AG_CODE"/>
	</dbtable>
	
	<dbtable name="ACCESS_GROUP_L">
		<descr>
			Each row of the database represent localized information about a group of users
		</descr>
		<column name="AGL_AG_CODE" type="VARCHAR" size="50" null="FALSE">
			<descr>
				The code of the user group.
			</descr>
		</column>
		<column name="AGL_LANGUAGE" type="CHAR" size="2" null="FALSE">
			<descr>
				The language of the localized information.
			</descr>
		</column>
		<column name="AGL_LABEL" type="VARCHAR" size="50">
			<descr>
				An user-friendly label of the user group.
			</descr>
		</column>
		<column name="AGL_DESCRIPTION" type="VARCHAR" size="254">
			<descr>
				An user-friendly description of the user group.
			</descr>
		</column>
		<primarykey name="AGL_PK" dbname="AGL_AG_CODE,AGL_LANGUAGE"/>
		<foreignkey name="AGL_FK1" dbname="AGL_AG_CODE" ftable="ACCESS_GROUP" ffield="AG_CODE"/>
	</dbtable>
	
	<dbtable name="ACCESS_USER">
		<descr>
			Each row of the database modelise an user of doccenter.
		</descr>
		<column name="AU_CODE" type="VARCHAR" size="50" null="FALSE">
			<descr>The unique code of the user.</descr>
		</column>
		<column name="AU_STATE" type="VARCHAR" size="50" null="FALSE">
			<descr>The state of the user.</descr>
		</column>
		<column name="AU_CRDATE" type="TIMESTAMP" null="FALSE">
			<descr>The creation date of the user</descr>
		</column>
		<column name="AU_PASSWD" type="VARCHAR" size="50">
			<descr>The MD5 hash of the user password</descr>
		</column>
		<column name="AU_MAIL" type="VARCHAR" size="254">
			<descr>The email address of the user</descr>
		</column>
		<column name="AU_LANGUAGE" type="CHAR" size="2">
			<descr>The language of the user</descr>
		</column>
		<primarykey name="AU_PK" dbname="AU_CODE"/>
	</dbtable>

	<dbtable name="ACCESS_USER_L">
		<descr>
			Each row of the database represent localized information about a group of users
		</descr>
		<column name="AUL_AU_CODE" type="VARCHAR" size="50" null="FALSE">
			<descr>
				The code of the user.
			</descr>
		</column>
		<column name="AUL_LANGUAGE" type="CHAR" size="2" null="FALSE">
			<descr>
				The language of the localized information.
			</descr>
		</column>
		<column name="AUL_LABEL" type="VARCHAR" size="50">
			<descr>
				An user-friendly label of the user.
			</descr>
		</column>
		<column name="AUL_DESCRIPTION" type="VARCHAR" size="254">
			<descr>
				An user-friendly description of the user.
			</descr>
		</column>
		<primarykey name="AUL_PK" dbname="AUL_AU_CODE,AUL_LANGUAGE"/>		
		<foreignkey name="AUL_FK1" dbname="AUL_AU_CODE" ftable="ACCESS_USER" ffield="AU_CODE"/>
	</dbtable>

	<dbtable name="USER_GROUP">
		<descr>
			This table is used to link user to user groups.
		</descr>
		<column name="UG_AU_CODE" type="VARCHAR" size="50" null="FALSE">
			<descr>Foreign key to an user</descr>
		</column>
		<column name="UG_AG_CODE" type="VARCHAR" size="50" null="FALSE">
			<descr>Foreign key to an user group</descr>
		</column>
		<primarykey name="UG_IX1" dbname="UG_AU_CODE,UG_AG_CODE"/>
		<foreignkey name="UG_FK1" dbname="UG_AU_CODE" ftable="ACCESS_USER" ffield="AU_CODE"/>
		<foreignkey name="UG_FK2" dbname="UG_AG_CODE" ftable="ACCESS_GROUP" ffield="AG_CODE"/>		
	</dbtable>

	<dbtable name="USER_PARAMETER_DEFINITION">
		<descr>
			Each row of this table modelize a profile parameter
		</descr>
		<column name="UPD_CODE" type="VARCHAR" size="50" null="FALSE">
			<descr>The unique name of the defined profile parameter</descr>
		</column>
		<column name="UPD_STATE" type="VARCHAR" size="50" null="FALSE">
			<descr>The state of the defined profile parameter</descr>
		</column>		
		<column name="UPD_AL_CODE" type="VARCHAR" size="50">
			<descr>Foreign key to the authlist used in this profile parameter</descr>
		</column>
		<column name="UPD_DEFAULT_VALUE" type="VARCHAR" size="254">
			<descr>The default value of the profile parameter</descr>
		</column>
		<primarykey name="UPD_IX1" dbname="UPD_CODE"/>
		<foreignkey name="UPD_FK1" dbname="UPD_AL_CODE" ftable="AUTHORITY_LIST" ffield="AL_CODE"/>
	</dbtable>
	
	<dbtable name="USER_PARAMETER_DEFINITION_L">
		<descr>
			Each row of the database represent localized information about a user parameter
		</descr>
		<column name="UPDL_UPD_CODE" type="VARCHAR" size="50" null="FALSE">
			<descr>
				The code of the user.
			</descr>
		</column>
		<column name="UPDL_LANGUAGE" type="CHAR" size="2" null="FALSE">
			<descr>
				The language of the localized information.
			</descr>
		</column>
		<column name="UPDL_LABEL" type="VARCHAR" size="50">
			<descr>
				An user-friendly label of the user.
			</descr>
		</column>
		<column name="UPDL_DESCRIPTION" type="VARCHAR" size="254">
			<descr>
				An user-friendly description of the user.
			</descr>
		</column>
		<primarykey name="UPDL_IX1" dbname="UPDL_UPD_CODE,UPDL_LANGUAGE"/>
		<foreignkey name="UPDL_FK1" dbname="UPDL_UPD_CODE" ftable="USER_PARAMETER_DEFINITION" ffield="UPD_CODE"/>
	</dbtable>

	<dbtable name="USER_PARAMETER">
		<descr>
			Each row of this table contains a profile parameter value.
		</descr>
		<column name="UP_UPD_CODE" type="VARCHAR" size="50" null="FALSE">
			<descr>Foreign key to a profile parameter</descr>
		</column>
		<column name="UP_AU_CODE" type="VARCHAR" size="50" null="FALSE">
			<descr>Foreign key to an user</descr>
		</column>
		<column name="UP_VALUE" type="VARCHAR" size="254">
			<descr>The value of the profile parameter</descr>
		</column>
		<primarykey name="UP_PK" dbname="UP_UPD_CODE,UP_AU_CODE"/>
		<foreignkey name="UP_FK1" dbname="UP_UPD_CODE" ftable="USER_PARAMETER_DEFINITION" ffield="UPD_CODE"/>
		<foreignkey name="UP_FK2" dbname="UP_AU_CODE" ftable="ACCESS_USER" ffield="AU_CODE"/>
	</dbtable>
	
	<dbtable name="AUTHORITY_LIST_EN">
		<descr>Each row describes an authority list notification</descr>
		<column name="ALEN_AL_CODE" type="VARCHAR" size="50" null="FALSE">
			<descr>The list this notification is related to</descr>
		</column>
		<column name="ALEN_ALE_CODE" type="VARCHAR" size="50" null="FALSE">
			<descr>The entry this notification is related to</descr>
		</column>
		<column name="ALEN_AU_CODE" type="VARCHAR" size="50">
			<descr>The user to notify</descr>
		</column>
		<column name="ALEN_AG_CODE" type="VARCHAR" size="50">
			<descr>The group to notify</descr>
		</column>
		<foreignkey name="ALEN_FK1" dbname="ALEN_AL_CODE, ALEN_ALE_CODE" ftable="AUTHORITY_LIST_ENTRY" ffield="ALE_AL_CODE,ALE_CODE"/>
	 	<foreignkey name="ALEN_FK2" dbname="ALEN_AU_CODE" ftable="ACCESS_USER" ffield="AU_CODE"/> 
		<foreignkey name="ALEN_FK3" dbname="ALEN_AG_CODE" ftable="ACCESS_GROUP" ffield="AG_CODE"/>
	</dbtable>
	
	<dbtable name="INDEXATION_MODEL">
		<descr>
			Each row of this table describes an indexation or query model.
		</descr>
		<column name="IM_CODE" type="VARCHAR" size="50" null="FALSE">
			<descr>
				The unique code of a model.
			</descr>
		</column>
		<column name="IM_STATE" type="VARCHAR" size="50" null="FALSE">
			<descr>
				The state of the model.
			</descr>
		</column>
		<column name="IM_UNIVALUED_TABLE" type="VARCHAR" size="50">
			<descr>
				Foreign key to the table description of the table that will hold the values
				inserted in the indexation model.
			</descr>
		</column>
		<column name="IM_MULTIVALUED_TABLE" type="VARCHAR" size="50">
			<descr>
				Foreign key to the table description of the table that will hold the values
				inserted in the indexation model.
			</descr>
		</column>
		<column name="IM_SCRIPTING_PATH" type="VARCHAR" size="254">
			<descr>
				Relative path of a script that will be trigerred before each index card update.
			</descr>
		</column>
		<column name="IM_MANAGED" type="CHAR" size="1" null="FALSE">
			<descr>
				Indicates if tables linked to the indexation model are handled by the server.
			</descr>
		</column>
		<primarykey name="IM_PK" dbname="IM_CODE"/>
	</dbtable>
	
	<dbtable name="INDEXATION_MODEL_L">
		<descr>
			Each row of this table represents localized information about an indexation model.
		</descr>
		<column name="IML_IM_CODE" type="VARCHAR" size="50" null="FALSE">
			<descr>
				The unique code of the indexation model.
			</descr>
		</column>
		<column name="IML_LANGUAGE" type="CHAR" size="2" null="FALSE">
			<descr>
				The language of the localized information.
			</descr>
		</column>
		<column name="IML_LABEL" type="VARCHAR" size="50">
			<descr>
				An user-friendly label of the indexation model.
			</descr>
		</column>
		<column name="IML_DESCRIPTION" type="VARCHAR" size="254">
			<descr>
				An user-friendly description of the indexation model.
			</descr>
		</column>
		<primarykey name="IML_PK" dbname="IML_IM_CODE,IML_LANGUAGE"/>		
		<foreignkey name="IML_FK1" dbname="IML_IM_CODE" ftable="INDEXATION_MODEL" ffield="IM_CODE"/>
	</dbtable>

	<dbtable name="INDEXATION_MODEL_GROUP">
		<descr>
			Each row of this table describes a group of fields in an indexation model.
		</descr>		
		<column name="IMG_CODE" type="VARCHAR" size="50" null="FALSE">
			<descr>
				The unique code of the group.
			</descr>
		</column>
		<column name="IMG_IM_CODE" type="VARCHAR" size="50" null="FALSE">
			<descr>
				Foreign key to the model this group belongs.
			</descr>
		</column>
		<column name="IMG_HIDDEN" type="BOOL" null="FALSE">
			<descr>
				Indicates if the group is visible for the end-user.
			</descr>
		</column>
		<column name="IMG_DISPLAY_MODE" type="CHAR" size="1" null="FALSE">
			<descr>
				Indicates if the group is open or not when displayed into the indexation card.
			</descr>
		</column>
		<column name="IMG_ORDER" type="INTEGER" null="FALSE">
			<descr>
				Position of the group in the model (presentation order).
			</descr>
		</column>
		<primarykey name="IMG_PK" dbname="IMG_CODE"/>
		<foreignkey name="IMG_FK1" dbname="IMG_IM_CODE" ftable="INDEXATION_MODEL" ffield="IM_CODE"/>
	</dbtable>
	
	<dbtable name="INDEXATION_MODEL_GROUP_L">
		<descr>
			Each row of this table represents localized information about an indexation model group.
		</descr>
		<column name="IMGL_IMG_CODE" type="VARCHAR" size="50" null="FALSE">
			<descr>
				The code of the indexation model group.
			</descr>
		</column>
		<column name="IMGL_LANGUAGE" type="CHAR" size="2" null="FALSE">
			<descr>
				The language of the localized information.
			</descr>
		</column>
		<column name="IMGL_LABEL" type="VARCHAR" size="50">
			<descr>
				A short label describing of the indexation model group.
			</descr>
		</column>
		<column name="IMGL_DESCRIPTION" type="VARCHAR" size="254">
			<descr>
				An user-friendly description of the indexation model group.
			</descr>
		</column>
		<primarykey name="IMGL_PK" dbname="IMGL_IMG_CODE,IMGL_LANGUAGE"/>		
		<foreignkey name="IMGL_FK1" dbname="IMGL_IMG_CODE" ftable="INDEXATION_MODEL_GROUP" ffield="IMG_CODE"/>
	</dbtable>

	<dbtable name="INDEXATION_MODEL_FIELD">
		<descr>
			Each row of this table represents a field in an indexation model group.
		</descr>
		<column name="IMF_CODE" type="VARCHAR" size="50" null="FALSE">
			<descr>
				The unique code of the field.
			</descr>
		</column>
		<column name="IMF_IMG_CODE" type="VARCHAR" size="50" null="FALSE">
			<descr>
				The id of the group this field is into
			</descr>
		</column>
		<column name="IMF_ORDER" type="INTEGER">
			<descr>The position (presentation order) of this field in the group</descr>
		</column>
		<column name="IMF_COLUMN_NAME" type="VARCHAR" size="50" null="FALSE">
			<descr>
				The name of the database column holding this field.
			</descr>
		</column>
		<column name="IMF_TYPE" type="VARCHAR" size="10" null="FALSE">
			<descr>The type of this field</descr>
		</column>
		<column name="IMF_SIZE" type="INTEGER">
			<descr>The size of the field</descr>
		</column>
		<column name="IMF_AL_CODE" type="VARCHAR" size="50">
			<descr>The linked authority list for AUTH, AUTHL, KEYW types</descr>
		</column>
		<column name="IMF_FILTER_IMF_CODE" type="VARCHAR" size="50">
			<descr>The field filtering this field for AUTH, AUTHL, KEYW types.</descr>
		</column>
		<column name="IMF_MINIMUM_CARDINALITY" type="INTEGER" null="FALSE">
			<descr>
				The minimum number of values required for this field.
				0 denotes an optional field. 1 a mandatory field.
			</descr>
		</column>
		<column name="IMF_MAXIMUM_CARDINALITY" type="INTEGER" null="FALSE">
			<descr>
				The maximum number of values allowed for this field.
				1 denotes a single valued field. 
				0 denotes an unbounded field.
			</descr>
		</column>		
		<column name="IMF_CHANGE_MODE" type="CHAR" size="1">
			<descr>
				Indicates if the change mode of this field.
					- C: computed, the end user can't change the value of this field from the UI.
					- U: unmodifiable, the end user can set a value to this field but can't change it afterwards.
					- O: only at creation, the end user can set a value for this field at creation only, and can't change it afterwards.
					- F: free, the user can change the value at will.
			</descr>
		</column>
		<column name="IMF_HIDDEN" type="BOOL">
			<descr>Indicates if the field is hidden.</descr>
		</column>
		<column name="IMF_CAN_BE_QUERIED" type="BOOL">
			<descr>Indicates if the field can be used in queries</descr>
		</column>
		<column name="IMF_FULLTEXT" type="BOOL">
			<descr>Indicates if the field is searchable in full text</descr>
		</column>
		<column name="IMF_DEFAULT_VALUE" type="VARCHAR" size="254">
			<descr>An expression that can be used to compute a default value.</descr>
		</column>
		<column name="IMF_UI_CONTROL" type="VARCHAR" size="10">
			<descr>The control to use when displaying the field.</descr>
		</column>
		<column name="IMF_MINIMUM" type="INTEGER">
			<descr>For integer types, the minimum value. For string types, the minimum length.</descr>
		</column>
		<column name="IMF_MAXIMUM" type="INTEGER">
			<descr>For integer types, the maximum value. For string types, the maximum length.</descr>
		</column>
		<column name="IMF_REGEXP" type="VARCHAR" size="254">
			<descr>A regular expression to control the possible values</descr>
		</column>
		<primarykey name="IMF_PK" dbname="IMF_CODE"/>
		<foreignkey name="IMF_FK1" dbname="IMF_IMG_CODE" ftable="INDEXATION_MODEL_GROUP" ffield="IMG_CODE"/>
		<foreignkey name="IMF_FK2" dbname="IMF_AL_CODE" ftable="AUTHORITY_LIST" ffield="AL_CODE"/>
	</dbtable>

	<dbtable name="INDEXATION_MODEL_FIELD_L">
		<descr>
			Each row of this table represents localized information about an indexation model group.
		</descr>
		<column name="IMFL_IMF_CODE" type="VARCHAR" size="50" null="FALSE">
			<descr>
				The code of the indexation model field.
			</descr>
		</column>
		<column name="IMFL_LANGUAGE" type="CHAR" size="2" null="FALSE">
			<descr>
				The language of the localized information.
			</descr>
		</column>
		<column name="IMFL_LABEL" type="VARCHAR" size="50">
			<descr>
				A short label describing of the indexation model field.
			</descr>
		</column>
		<column name="IMFL_DESCRIPTION" type="VARCHAR" size="254">
			<descr>
				An user-friendly description of the indexation model field.
			</descr>
		</column>
		<primarykey name="IMFL_PK" dbname="IMFL_IMF_CODE,IMFL_LANGUAGE"/>
		<foreignkey name="IMFL_FK1" dbname="IMFL_IMF_CODE" ftable="INDEXATION_MODEL_FIELD" ffield="IMF_CODE"/>
	</dbtable>
	
	<dbtable name="INDEXATION_MODEL_FIELD_AV">
		<descr>
			This table holds allowed values for a given indexation model field.
		</descr>
		<column name="IMFAV_IMF_CODE" type="VARCHAR" size="50" null="FALSE">
			<descr>
				The code of the indexation model field.
			</descr>
		</column>
		<column name="IMFAV_VALUE" type="VARCHAR" size="254" null="FALSE">
			<descr>
				An allowed value for this field.
			</descr>
		</column>
		<foreignkey name="IMFAV_FK1" dbname="IMFAV_IMF_CODE" ftable="INDEXATION_MODEL_FIELD" ffield="IMF_CODE"/>
	</dbtable>
	
	<dbtable name="ACCESS_CLASS">
		<descr>
			Each row of the database modelize an access class.
		</descr>
		<column name="AC_CODE" type="VARCHAR" size="50" null="FALSE">
			<descr>The unique code of the access class</descr>
		</column>
		<column name="AC_STATE" type="VARCHAR" size="50" null="FALSE">
			<descr>The state of the access class</descr>
		</column>		
		<column name="AC_IM_CODE" type="VARCHAR" size="50" null="FALSE">
			<descr>Foreign key to the indexation model.</descr>
		</column>
		<column name="AC_CRDATE" type="TIMESTAMP" null="FALSE">
			<descr>The creation date of the access class.</descr>
		</column>
		<column name="AC_VIEW" type="VARCHAR" size="50" null="FALSE">
			<descr>The view (or table name) corresponding to the access class</descr>
		</column>
		<column name="AC_FILTER" type="LONGVARCHAR">
			<descr>SQL fragment defining the access class</descr>
		</column>
		<primarykey name="ACS_PK" dbname="AC_CODE"/>
		<foreignkey name="ACS_FK1" dbname="AC_IM_CODE" ftable="INDEXATION_MODEL" ffield="IM_CODE"/>
	</dbtable>

	<dbtable name="ACCESS_CLASS_L">
		<descr>
			Each row of this table represents localized information about an authority list.
		</descr>
		<column name="ACL_AC_CODE" type="VARCHAR" size="50" null="FALSE">
			<descr>
				The code of the access class.
			</descr>
		</column>
		<column name="ACL_LANGUAGE" type="CHAR" size="2" null="FALSE">
			<descr>
				The language of the localized information.
			</descr>
		</column>
		<column name="ACL_LABEL" type="VARCHAR" size="50">
			<descr>
				An user-friendly label of the access class.
			</descr>
		</column>
		<column name="ACL_DESCRIPTION" type="VARCHAR" size="254">
			<descr>
				An user-friendly description of the access class.
			</descr>
		</column>
		<primarykey name="ACSL_PK" dbname="ACL_AC_CODE,ACL_LANGUAGE"/>
		<foreignkey name="ACSL_FK1" dbname="ACL_AC_CODE" ftable="ACCESS_CLASS" ffield="AC_CODE"/>
	</dbtable>

	<dbtable name="USER_CLASS">
		<descr>
			This table is used to link users to access classes
		</descr>
		<column name="UC_AU_CODE" type="VARCHAR" size="50" null="FALSE">
			<descr>Foreign key to an user</descr>
		</column>
		<column name="UC_AC_CODE" type="VARCHAR" size="50" null="FALSE">
			<descr>Foreign key to an access class</descr>
		</column>
		<primarykey name="UC_PK" dbname="UC_AU_CODE,UC_AC_CODE"/>
		<foreignkey name="UC_FK1" dbname="UC_AU_CODE" ftable="ACCESS_USER" ffield="AU_CODE"/>
		<foreignkey name="UC_FK2" dbname="UC_AC_CODE" ftable="ACCESS_CLASS" ffield="AC_CODE"/>		
	</dbtable>

	<dbtable name="GROUP_CLASS">
		<descr>
			This table is used to link user group to access classes
		</descr>
		<column name="GC_AG_CODE" type="VARCHAR" size="50" null="FALSE">
			<descr>Foreign key to an user group</descr>
		</column>
		<column name="GC_AC_CODE" type="VARCHAR" size="50" null="FALSE">
			<descr>Foreign key to an access class</descr>
		</column>
		<primarykey name="GC_PK" dbname="GC_AG_CODE,GC_AC_CODE"/>
		<foreignkey name="GC_FK1" dbname="GC_AG_CODE" ftable="ACCESS_GROUP" ffield="AG_CODE"/>
		<foreignkey name="GC_FK2" dbname="GC_AC_CODE" ftable="ACCESS_CLASS" ffield="AC_CODE"/>		
	</dbtable>
	
	<dbtable name="OBJECT_TYPE">
		<descr>
			Each row of this table represents an object type.
		</descr>
		<column name="OT_CODE" type="VARCHAR" size="50" null="FALSE">
			<descr>The unique code of the object type.</descr>
		</column>
		<column name="OT_STATE" type="VARCHAR" size="50" null="FALSE">
			<descr>The state of the object type</descr>
		</column>
		<column name="OT_IM_CODE" type="VARCHAR" size="50">
			<descr>The indexation model this object type is related to.</descr>
		</column>
		<column name="OT_SIMULATE_UNIQUE" type="CHAR" size="1" null="FALSE">
			<descr>Presentation layer hint: indicates if the object type simulates a single document with multiple binary files.</descr>
		</column>
		<column name="OT_APPEARS_IN_TREEVIEWS" type="CHAR" size="1" null="FALSE">
			<descr>Presentation layer hint: indicates if the object type is normally shown in treeviews.</descr>
		</column>
		<column name="OT_APPEARS_IN_LISTS" type="CHAR" size="1" null="FALSE">
			<descr>Presentation layer hint: indicates if the object type is normally shown in (children) lists.</descr>
		</column>
		<column name="OT_CAN_BE_RESERVED" type="CHAR" size="1" null="FALSE">
			<descr>Presentation layer hint: indicates if users are allowed to reserve objects of this type.</descr>
		</column>
		<column name="OT_CAN_BE_PUT_IN_WORKBASKET" type="CHAR" size="1" null="FALSE">
			<descr>Presentation layer hint: indicates if users are allowed to cut/copy/paste objects of this type.</descr>
		</column>	
		<column name="OT_CAN_CHANGE_ACL" type="CHAR" size="1" null="FALSE">
			<descr>Presentation layer hint: indicates if users are allowed to change acls of objects of this type.</descr>
		</column>
		<column name="OT_CAN_HAVE_CROSSLINKS" type="CHAR" size="1" null="FALSE">
			<descr>Presentation layer hint: indicates if users are allowed to create cross links from or to objects of this type.</descr>
		</column>
		<column name="OT_CAN_ASK_NOTIFICATIONS" type="CHAR" size="1" null="FALSE">
			<descr>Presentation layer hint: indicates if users are allowed to ask notifications ob objects of this type.</descr>
		</column>
		<column name="OT_CAN_HAVE_NOTES" type="CHAR" size="1" null="FALSE">
			<descr>Presentation layer hint: indicates if users are allowed to create notes on bjects of this type.</descr>
		</column>
		<column name="OT_CAN_HAVE_TASKS" type="CHAR" size="1" null="FALSE">
			<descr>Presentation layer hint: indicates if users are allowed to create tasks on objects of this type.</descr>
		</column>
		<column name="OT_CAN_SEE_EVENTS" type="CHAR" size="1" null="FALSE">
			<descr>Presentation layer hint: indicates if users are allowed to consult event log on objects of this type.</descr>
		</column>
		<column name="OT_CAN_SAVE_QUERY_DATA" type="CHAR" size="1" null="FALSE">
			<descr>Presentation layer hint: indicates if this object type has query data.</descr>
		</column>
		<column name="OT_BINARY_CONTENT_TYPE" type="CHAR" size="1" null="FALSE">
			<descr>Presentation layer hint: indicates if this object type has binary content type.</descr>
		</column>
		<column name="OT_CONTENT_TO_DISPLAY" type="CHAR" size="3" null="FALSE">
			<descr>Presentation layer hint: indicates the information to display.</descr>
		</column>
		<column name="OT_CHILDS_DISPLAY_MODE" type="CHAR" size="3" null="FALSE">
			<descr>Presentation layer hint: indicates the display mode of children objects.</descr>
		</column>
		<column name="OT_GENERATE_CHILD_IN_OVERVIEW" type="CHAR" size="1" null="FALSE">
			<descr>Indicates if the children of this object type are generated while generating an overview of an object of this type.</descr>
		</column>
		<column name="OT_CHILD_CUSTOM_ORDERED" type="CHAR" size="1">
			<descr>Indicates if the children are custom ordered.</descr>
		</column>
		<column name="OT_COMMENT_TEMPLATE" type="VARCHAR" size="254">
			<descr>The relative path to a free marker template used to generate a comment from object data.</descr>
		</column>
		<column name="OT_SCRIPTING_PATH" type="VARCHAR" size="254">
			<descr>The path of the script associated with this object type.</descr>
		</column>
		<column name="OT_SCRIPTING_BC" type="CHAR" size="1">
			<descr>Indicates if the script must be called prior to object creation</descr>
		</column>
		<column name="OT_SCRIPTING_AC" type="CHAR" size="1">
			<descr>Indicates if the script must be called after object creation</descr>
		</column>
		<column name="OT_SCRIPTING_BU" type="CHAR" size="1">
			<descr>Indicates if the script must be called prior to object update</descr>
		</column>
		<column name="OT_SCRIPTING_AU" type="CHAR" size="1">
			<descr>Indicates if the script must be called after object update</descr>
		</column>
		<column name="OT_SCRIPTING_BM" type="CHAR" size="1">
			<descr>Indicates if the script must be called prior to object move</descr>
		</column>
		<column name="OT_SCRIPTING_AM" type="CHAR" size="1">
			<descr>Indicates if the script must be called after object move</descr>
		</column>
		<column name="OT_SCRIPTING_BD" type="CHAR" size="1">
			<descr>Indicates if the script must be called prior to object deletion</descr>
		</column>
		<column name="OT_SCRIPTING_AD" type="CHAR" size="1">
			<descr>Indicates if the script must be called after object deletion</descr>
		</column>
		<column name="OT_SCRIPTING_DESCRIPTION" type="CHAR" size="1">
			<descr>Indicates if the script must be used to provide automatic description from object data</descr>
		</column>
		<column name="OT_SCRIPTING_DECORATION" type="CHAR" size="1">
			<descr>Indicates if the script must be used to provide automatic decoration from object data</descr>
		</column>		
		<column name="OT_SCRIPTING_ACL" type="CHAR" size="1">
			<descr>Indicates if the script must be used to provide automatic access control list from object data</descr>
		</column>		
		<column name="OT_SCRIPTING_PARENT" type="CHAR" size="1">
			<descr>Indicates if the script must be used to provide automatic sorting/classification from object data</descr>
		</column>	
		<column name="OT_ICON" type="VARCHAR" size="254" null="FALSE">
			<descr>Indicates the relative path to the icon to use</descr>
		</column>
		<column name="OT_SHOW_ANCESTORS_INDEXES" type="CHAR" size="1" null="FALSE">
			<descr>Indicates index of the ancestor have to be show</descr>
		</column>	
		<column name="OT_DATE" type="TIMESTAMP" null="FALSE">
			<descr>Indicates last update date of this object type</descr>
		</column>		
		<primarykey name="OT_PK" dbname="OT_CODE"/>
		<foreignkey name="OT_FK1" dbname="OT_IM_CODE" ftable="INDEXATION_MODEL" ffield="IM_CODE"/>
	</dbtable>

	<dbtable name="OBJECT_TYPE_L">
		<descr>
			The localized data of the object type
		</descr>
		<column name="OTL_OT_CODE" type="VARCHAR" size="50" null="FALSE">
			<descr>The id of the object type this localized information relates</descr>
		</column>
		<column name="OTL_LANGUAGE" type="CHAR" size="2" null="FALSE">
			<descr>The language this localized information is in.</descr>
		</column>
		<column name="OTL_LABEL" type="VARCHAR" size="50">
			<descr>The label of the object type in the given language.</descr>
		</column>
		<column name="OTL_DESCRIPTION" type="VARCHAR" size="254">
			<descr>The description of the object type in the given language.</descr>
		</column>
		<primarykey name="OTL_PK" dbname="OTL_OT_CODE, OTL_LANGUAGE"/>
		<foreignkey name="OTL_FK1" dbname="OTL_OT_CODE" ftable="OBJECT_TYPE" ffield="OT_CODE"/>
	</dbtable>
		
	<dbtable name="LINK_CATEGORY">
		<descr>
			Each row of this table describes a link type.
		</descr>
		<column name="LC_CODE" type="VARCHAR" size="50" null="FALSE">
			<descr>The unique id of this link category</descr>
		</column>
		<column name="LC_STATE" type="VARCHAR" size="50" null="FALSE">
			<descr>The state of this link type</descr>
		</column>
		<column name="LC_TREEVIEW" type="CHAR" size="1" null="FALSE">
			<descr>Indicates if the links of this category are displayed in the treeview</descr>
		</column>
		<column name="LC_INVERSE_TREEVIEW" type="CHAR" size="1" null="FALSE">
			<descr>Indicates if the links of this category are displayed in the treeview</descr>
		</column>
		<column name="LC_DIRECTIONAL" type="BOOL" null="FALSE">
			<descr>Indicates if the links of this category are directional</descr>
		</column>
		<primarykey name="LC_PK" dbname="LC_CODE"/>
	</dbtable>
	
	<dbtable name="LINK_CATEGORY_L">
		<descr>
			Each row of this table describes a link category.
		</descr>
		<column name="LCL_LC_CODE" type="VARCHAR" size="50" null="FALSE">
			<descr>
				The unique code of the link category.
			</descr>
		</column>
		<column name="LCL_LANGUAGE" type="CHAR" size="2" null="FALSE">
			<descr>
				The language of the localized information.
			</descr>
		</column>
		<column name="LCL_DESCRIPTION" type="VARCHAR" size="254">
			<descr>
				An user-friendly label of the link category.
			</descr>
		</column>
		<column name="LCL_INVERSE_DESCRIPTION" type="VARCHAR" size="254">
			<descr>
				An user-friendly label of the reverse link category.
			</descr>
		</column>
		<primarykey name="LCL_PK" dbname="LCL_LC_CODE,LCL_LANGUAGE"/>
		<foreignkey name="LCL_FK1" dbname="LCL_LC_CODE" ftable="LINK_CATEGORY" ffield="LC_CODE"/>		
	</dbtable>
	
	<dbtable name="LINK_CATEGORY_RULE">
		<descr>Describes which links are allowed between object types</descr>
		<column name="LCR_LC_CODE" type="VARCHAR" size="50" null="FALSE">
			<descr>The code of the link category</descr>
		</column>
		<column name="LCR_SRC_OT_CODE" type="VARCHAR" size="50" null="FALSE">
			<descr>The source object type</descr>
		</column>
		<column name="LCR_DST_OT_CODE" type="VARCHAR" size="50" null="FALSE">
			<descr>The destination object type</descr>
		</column>
		<foreignkey name="LCR_FK1" dbname="LCR_LC_CODE" ftable="LINK_CATEGORY" ffield="LC_CODE"/>
		<foreignkey name="LCR_FK2" dbname="LCR_SRC_OT_CODE" ftable="OBJECT_TYPE" ffield="OT_CODE"/>
		<foreignkey name="LCR_FK3" dbname="LCR_DST_OT_CODE" ftable="OBJECT_TYPE" ffield="OT_CODE"/>
	</dbtable>
		
	<dbtable name="ACCESS_RESOURCE">
		<descr>
			Each row of the database modelise a resource of the application server.
		</descr>
		<column name="ARS_ID" type="BIGINT" id="TRUE" null="FALSE">
			<descr>The unique code of the resource</descr>
		</column>
		<column name="ARS_CODE" type="VARCHAR" size="10" null="FALSE">
			<descr>The NON unique code of resource. (OBJ, OBJ_xxx, ADM_xxx)</descr>
		</column>
		<column name="ARS_OT_CODE" type="VARCHAR" size="50">
			<descr>Foreign key to the object type corresponding to the resource (only when SR_CODE starts with OBJ)</descr>
		</column>
		<column name="ARS_CATEGORY" type="CHAR" size="3" null="FALSE">
			<descr>Indicates if the resource is an administrative resource (ADM), or object (ACL).</descr>
		</column>	
		<primarykey name="ARS_PK" dbname="ARS_ID"/>
		<foreignkey name="ARS_FK1" dbname="ARS_OT_CODE" ftable="OBJECT_TYPE" ffield="OT_CODE"/>
	</dbtable>
	
	<dbtable name="ACCESS_RIGHT">
		<descr>
			Each row of the database modelise a right on a ressource.
		</descr>
		<column name="AR_ID" type="BIGINT" id="TRUE" null="FALSE">
			<descr>The unique id of the right.</descr>
		</column>
		<column name="AR_ARS_ID" type="BIGINT" null="FALSE">
			<descr>The ressource on which the operation applies</descr>
		</column>
		<column name="AR_TYPE" type="CHAR" size="1" null="FALSE">
			<descr>The type of action (CRUDME)</descr>
		</column>
		<primarykey name="AR_IX1" dbname="AR_ID"/>
		<foreignkey name="AR_FK1" dbname="AR_ARS_ID" ftable="ACCESS_RESOURCE" ffield="ARS_ID"/>
	</dbtable>

	<dbtable name="ACCESS_CONTROL_LIST_ENTRY">
		<descr>
			Each row of the database modelise an entry in an access control list
		</descr>
		<column name="ACLE_ACL_CODE" type="VARCHAR" size="50" null="FALSE">
			<descr>Foreign key to the acl</descr>
		</column>
		<column name="ACLE_AR_ID" type="BIGINT" null="FALSE">
			<descr>Foreign key to the right</descr>
		</column>
		<column name="ACLE_GRANTORDENY" type="CHAR" size="1" null="FALSE">
			<descr>Indicates if the right is grant (G) or denied (D)</descr>
		</column>
		<column name="ACLE_TYPE" type="CHAR" size="1" null="FALSE">
			<descr>Indicates the acl type : user (U) or group (G)</descr>
		</column>
		<column name="ACLE_AU_CODE" type="VARCHAR" size="50">
			<descr>Foreign key to the user</descr>
		</column>
		<column name="ACLE_AG_CODE" type="VARCHAR" size="50">
			<descr>Foreign key to the group</descr>
		</column>
		<foreignkey name="ACLE_FK1" dbname="ACLE_ACL_CODE" ftable="ACCESS_CONTROL_LIST" ffield="ACL_CODE"/>
		<foreignkey name="ACLE_FK2" dbname="ACLE_AR_ID" ftable="ACCESS_RIGHT" ffield="AR_ID"/>
		<foreignkey name="ACLE_FK3" dbname="ACLE_AU_CODE" ftable="ACCESS_USER" ffield="AU_CODE"/>
		<foreignkey name="ACLE_FK4" dbname="ACLE_AG_CODE" ftable="ACCESS_GROUP" ffield="AG_CODE"/>
	</dbtable>

	<dbtable name="USER_RIGHT">
		<descr>
			This table is used to grant or deny rights to users.
		</descr>
		<column name="UR_AU_CODE" type="VARCHAR" size="50" null="FALSE">
			<descr>Foreign key to an user</descr>
		</column>
		<column name="UR_AR_ID" type="BIGINT" null="FALSE">
			<descr>Foreign key to a right</descr>
		</column>
		<column name="UR_DENIED" type="INTEGER">
			<descr>0 if right granted, everything else: denied</descr>
		</column>
		<primarykey name="UR_PK" dbname="UR_AU_CODE,UR_AR_ID"/>
		<foreignkey name="UR_FK1" dbname="UR_AU_CODE" ftable="ACCESS_USER" ffield="AU_CODE"/>
		<foreignkey name="UR_FK2" dbname="UR_AR_ID" ftable="ACCESS_RIGHT" ffield="AR_ID"/>
	</dbtable>

	<dbtable name="GROUP_RIGHT">
		<descr>
			This table is used to grant or deny rights to user groups
		</descr>
		<column name="GR_AG_CODE" type="VARCHAR" size="50" null="FALSE">
			<descr>Foreign key to an user group</descr>
		</column>
		<column name="GR_AR_ID" type="BIGINT" null="FALSE">
			<descr>Foreign key to a right</descr>
		</column>
		<column name="GR_DENIED" type="INTEGER">
			<descr>0 if right granted, everything else: denied</descr>
		</column>
		<primarykey name="GR_PK" dbname="GR_AG_CODE,GR_AR_ID"/>
		<foreignkey name="GR_FK1" dbname="GR_AG_CODE" ftable="ACCESS_GROUP" ffield="AG_CODE"/>
		<foreignkey name="GR_FK2" dbname="GR_AR_ID" ftable="ACCESS_RIGHT" ffield="AR_ID"/>
	</dbtable>
	
	<dbtable name="TASK_TYPE">
		<descr>
			Each row of this table defines a task type.
		</descr>
		<column name="TT_CODE" type="VARCHAR" size="50" null="FALSE">
			<descr>The unique code of the tasktype</descr>
		</column>
		<column name="TT_STATE" type="VARCHAR" size="50" null="FALSE">
			<descr>The state of the tasktype</descr>
		</column>
		<column name="TT_AU_CODE" type="VARCHAR" size="50">
			<descr>The operator of the tasktype</descr>
		</column>
		<column name="TT_NEXT_OK" type="VARCHAR" size="50">
			<descr>The next task type when a task of this type is successfully completed</descr>
		</column>
		<column name="TT_NEXT_KO" type="VARCHAR" size="50">
			<descr>The next task type when a task of this type is not sucessfully completed</descr>
		</column>
		<column name="TT_SCRIPTING_PATH" type="VARCHAR" size="254">
			<descr>The relative path of the script related to this task type</descr>
		</column>
		<column name="TT_SCRIPTING_BC" type="CHAR" size="1">
			<descr>Indicates if the script must be called before a task of this task type is created.</descr>
		</column>
		<column name="TT_SCRIPTING_AC" type="CHAR" size="1">
			<descr>Indicates if the script must be called after a task of this task type is created.</descr>
		</column>
		<column name="TT_SCRIPTING_BO" type="CHAR" size="1">
			<descr>Indicates if the script must be called before a task of this task type becomes opportune.</descr>
		</column>
		<column name="TT_SCRIPTING_AO" type="CHAR" size="1">
			<descr>Indicates if the script must be called after a task of this task type becomes opportune.</descr>
		</column>
		<column name="TT_SCRIPTING_BR" type="CHAR" size="1">
			<descr>Indicates if the script must be called before a task of this task type is rejected.</descr>
		</column>
		<column name="TT_SCRIPTING_AR" type="CHAR" size="1">
			<descr>Indicates if the script must be called after a task of this task type is rejected.</descr>
		</column>
		<column name="TT_SCRIPTING_BS" type="CHAR" size="1">
			<descr>Indicates if the script must be called before a task of this task type is reassigned.</descr>
		</column>
		<column name="TT_SCRIPTING_AS" type="CHAR" size="1">
			<descr>Indicates if the script must be called after a task of this task type is reassigned.</descr>
		</column>
		<column name="TT_SCRIPTING_BA" type="CHAR" size="1">
			<descr>Indicates if the script must be called before a task of this task type is accepted.</descr>
		</column>
		<column name="TT_SCRIPTING_AA" type="CHAR" size="1">
			<descr>Indicates if the script must be called after a task of this task type is accepted.</descr>
		</column>
		<column name="TT_SCRIPTING_BF" type="CHAR" size="1">
			<descr>Indicates if the script must be called before a task of this task type is finished.</descr>
		</column>		
		<column name="TT_SCRIPTING_AF" type="CHAR" size="1">
			<descr>Indicates if the script must be called after a task of this task type is finished.</descr>
		</column>		
		<primarykey name="TT_PK" dbname="TT_CODE"/>
		<foreignkey name="TT_FK1" dbname="TT_AU_CODE" ftable="ACCESS_USER" ffield="AU_CODE"/>
		<foreignkey name="TT_FK2" dbname="TT_NEXT_OK" ftable="TASK_TYPE" ffield="TT_CODE"/>
		<foreignkey name="TT_FK3" dbname="TT_NEXT_KO" ftable="TASK_TYPE" ffield="TT_CODE"/>
	</dbtable>

	<dbtable name="TASK_TYPE_L">
		<descr>
			Each row of this table represents localized information about a task type.
		</descr>
		<column name="TTL_TT_CODE" type="VARCHAR" size="50" null="FALSE">
			<descr>
				The unique code of the task type.
			</descr>
		</column>
		<column name="TTL_LANGUAGE" type="CHAR" size="2" null="FALSE">
			<descr>
				The language of the localized information.
			</descr>
		</column>
		<column name="TTL_LABEL" type="VARCHAR" size="50">
			<descr>
				A short label describing of the task type.
			</descr>
		</column>
		<column name="TTL_DESCRIPTION" type="VARCHAR" size="254">
			<descr>
				An user-friendly description of the task type.
			</descr>
		</column>
		<primarykey name="TTL_PK" dbname="TTL_TT_CODE,TTL_LANGUAGE"/>
		<foreignkey name="TTL_FK1" dbname="TTL_TT_CODE" ftable="TASK_TYPE" ffield="TT_CODE"/>
	</dbtable>

	<dbtable name="TASK_TYPE_GROUP">
		<descr>
			Each row of this table describes a group of task types.
		</descr>
		<column name="TTG_CODE" type="VARCHAR" size="50" null="FALSE">
			<descr>The unique code of the task type group</descr>
		</column>
		<column name="TTG_STATE" type="VARCHAR" size="50" null="FALSE">
			<descr>The state of the task type group</descr>
		</column>		
		<primarykey name="TTG_IX1" dbname="TTG_CODE"/>
	</dbtable>

	<dbtable name="TASK_TYPE_GROUP_L">
		<descr>
			Each row of this table represents localized information about a task type group.
		</descr>
		<column name="TTGL_TTG_CODE" type="VARCHAR" size="50" null="FALSE">
			<descr>
				The unqiue code of the task type group.
			</descr>
		</column>
		<column name="TTGL_LANGUAGE" type="CHAR" size="2" null="FALSE">
			<descr>
				The language of the localized information.
			</descr>
		</column>
		<column name="TTGL_LABEL" type="VARCHAR" size="50">
			<descr>
				A short label describing the task type group.
			</descr>
		</column>
		<column name="TTGL_DESCRIPTION" type="VARCHAR" size="254">
			<descr>
				An user-friendly description of the task type group
			</descr>
		</column>
		<primarykey name="TTGL_PK" dbname="TTGL_TTG_CODE,TTGL_LANGUAGE"/>		
		<foreignkey name="TTGL_FK1" dbname="TTGL_TTG_CODE" ftable="TASK_TYPE_GROUP" ffield="TTG_CODE"/>
	</dbtable>
	
	<dbtable name="TASKTYPE_DEPENDENCIES">
		<descr>
			This table is used to modelize dependencies between task types.
		</descr>
		<column name="TTD_SRC_TT_CODE" type="VARCHAR" size="50" null="FALSE">
			<descr>Foreign key to a task type</descr>
		</column>
		<column name="TTD_DST_TT_CODE" type="VARCHAR" size="50" null="FALSE">
			<descr>Foreign key to a task type</descr>
		</column>
		<column name="TTD_REQUIREDORDENIED" type="CHAR" size="1" null="FALSE">		
			<descr>Indicates if the task requires or invalidates the other</descr>
		</column>
		<foreignkey name="TTD_FK1" dbname="TTD_SRC_TT_CODE" ftable="TASK_TYPE" ffield="TT_CODE"/>
		<foreignkey name="TTD_FK2" dbname="TTD_DST_TT_CODE" ftable="TASK_TYPE" ffield="TT_CODE"/>
	</dbtable>

	<dbtable name="TASK_TYPE_GROUP_TASKTYPE">
		<descr>
			This table is used to put task types in task types groups.
		</descr>
		<column name="TTGT_TTG_CODE" type="VARCHAR" size="50" null="FALSE">
			<descr>Foreign key to a work type</descr>
		</column>
		<column name="TTGT_TT_CODE" type="VARCHAR" size="50" null="FALSE">
			<descr>Foreign key to a task type</descr>
		</column>
		<primarykey name="TTGT_PK" dbname="TTGT_TTG_CODE,TTGT_TT_CODE"/>
		<foreignkey name="TTGT_FK1" dbname="TTGT_TTG_CODE" ftable="TASK_TYPE_GROUP" ffield="TTG_CODE"/>
		<foreignkey name="TTGT_FK2" dbname="TTGT_TT_CODE" ftable="TASK_TYPE" ffield="TT_CODE"/>
	</dbtable>
	
	<dbtable name="USER_TASKTYPE">
		<descr>
			This table is used to link users to task types
		</descr>
		<column name="UT_AU_CODE" type="VARCHAR" size="50" null="FALSE">
			<descr>Foreign key to an user</descr>
		</column>
		<column name="UT_TT_CODE" type="VARCHAR" size="50" null="FALSE">
			<descr>Foreign key to a task type</descr>
		</column>
		<primarykey name="UT_PK" dbname="UT_AU_CODE,UT_TT_CODE"/>
		<foreignkey name="UT_FK1" dbname="UT_AU_CODE" ftable="ACCESS_USER" ffield="AU_CODE"/>
		<foreignkey name="UT_FK2" dbname="UT_TT_CODE" ftable="TASK_TYPE" ffield="TT_CODE"/>		
	</dbtable>


	<dbtable name="GROUP_TASKTYPE">
		<descr>
			This table is used to link user group to task types
		</descr>
		<column name="GT_AG_CODE" type="VARCHAR" size="50" null="FALSE">
			<descr>Foreign key to an user group</descr>
		</column>
		<column name="GT_TT_CODE" type="VARCHAR" size="50" null="FALSE">
			<descr>Foreign key to a task type</descr>
		</column>
		<primarykey name="GT_PK" dbname="GT_AG_CODE,GT_TT_CODE"/>
		<foreignkey name="GT_FK1" dbname="GT_AG_CODE" ftable="ACCESS_GROUP" ffield="AG_CODE"/>
		<foreignkey name="GT_FK2" dbname="GT_TT_CODE" ftable="TASK_TYPE" ffield="TT_CODE"/>		
	</dbtable>

	<dbtable name="NOTIFIED_TASKEVENTS">
		<descr>Work table used for the task notification job</descr>
		<column name="NT_T_ID" type="INTEGER" null="FALSE">
			<descr>A foreign key to the task</descr>
		</column>
		<column name="NT_AU_CODE" type="VARCHAR" size="50" null="FALSE">
			<descr>A foreign key to the user</descr>
		</column>
		<column name="NT_TYPE" type="CHAR" size="1" null="FALSE">
			<descr>Type of notification</descr>
		</column>
		<index name="NT_IX1" dbname="NT_T_ID"/>
		<index name="NT_IX2" dbname="NT_AU_CODE"/>
	</dbtable>

	<dbtable name="EVENT_LOG">		
		<descr>
			Each row of the database modelize an entry in the event log.
		</descr>
		<column name="EL_ID" type="BIGINT" null="FALSE" id="TRUE">
			<descr>Unique ID of the log event</descr>
		</column>
		<column name="EL_DATE" type="TIMESTAMP" null="FALSE">
			<descr>Timestamp of the log event</descr>
		</column>
		<column name="EL_USER" type="VARCHAR" size="50" null="FALSE">
			<descr>User that has performed the event</descr>
		</column>
		<column name="EL_SERVICE" type="VARCHAR" size="50" null="FALSE">
			<descr>Service called</descr>
		</column>
		<column name="EL_METHOD" type="VARCHAR" size="50" null="FALSE">
			<descr>Method called</descr>
		</column>
		<column name="EL_INSTANCE" type="VARCHAR" size="50">
			<descr>Instance called</descr>
		</column>
		<column name="EL_TYPE" type="CHAR" size="1" null="FALSE">
			<descr>Type of event</descr>
			<values>
				<value>
					<code>C</code>
					<descr>Create</descr>
				</value>
				<value>
					<code>R</code>
					<descr>Read</descr>
				</value>
				<value>
					<code>U</code>
					<descr>Update</descr>
				</value>				
				<value>
					<code>D</code>
					<descr>Delete</descr>
				</value>
				<value>
					<code>M</code>
					<descr>Move</descr>
				</value>
				<value>
					<code>E</code>
					<descr>Execute</descr>
				</value>
				<value>
					<code>I</code>
					<descr>Start session</descr>
				</value>
				<value>
					<code>O</code>
					<descr>End session</descr>
				</value>
			</values>	
		</column>
		<column name="EL_DETAIL" type="LONGVARCHAR">
			<descr>
				Complete technical information about the event.
			</descr>
		</column>
		<primarykey name="EL_PK" dbname="EL_ID"/>
		<index name="EL_IX1" dbname="EL_INSTANCE"/>
	</dbtable>
	
	<dbtable name="BINARY_CONTENT">
		<descr>
			Table used to store binary content
		</descr>
		<column name="BC_ID" type="BIGINT" id="TRUE" null="FALSE">
			<descr>The unique identifier of the binary content</descr>
		</column>
		<column name="BC_STATE" type="CHAR" size="1" null="FALSE">
			<descr>The state of the binary content (C: created, D: deleted)</descr>
		</column>
		<column name="BC_SC_CODE" type="VARCHAR" size="50" null="FALSE">
			<descr>The storage chunk where this binary content is stored</descr>
		</column>
		<column name="BC_SC_RELPATH" type="VARCHAR" size="254" null="FALSE">
			<descr>The relative path of the binary content on the chunk</descr>
		</column>
		<column name="BC_ORIGINAL_NAME" type="VARCHAR" size="254" null="FALSE">
			<descr>The original file name of the binary content</descr>
		</column>
		<column name="BC_MIME_TYPE" type="VARCHAR" size="254">
			<descr>The mime type of the binary content</descr>
		</column>
		<column name="BC_SIZE" type="BIGINT">
			<descr>The size of the binary content</descr>
		</column>
		<column name="BC_CHECK_MODE" type="CHAR" size="1" null="FALSE">
			<descr>The check mode of the binary content</descr>
		</column>
		<column name="BC_CHECK_KEY" type="VARCHAR" size="254">
			<descr>The check key of the binary content</descr>
		</column>
		<column name="BC_CHECK_DATE" type="TIMESTAMP" null="FALSE">
			<descr>The last check date of the binary content</descr>
		</column>
		<column name="BC_CHECK_OK" type="CHAR" size="1" null="FALSE">
			<descr>Indicates the result of the last check performed</descr>
		</column>
		<primarykey name="BC_PK" dbname="BC_ID"/>
		<foreignkey name="BC_FK1" dbname="BC_SC_CODE" ftable="STORAGE_CHUNK" ffield="SC_CODE"/>
	</dbtable>
	
	<dbtable name="DCOBJECT">
		<descr>
			Each row of this table represents an object of the treeview
		</descr>
		<column name="OB_ID" type="BIGINT" null="FALSE" id="TRUE">
			<descr>The unique identifier of the object</descr>
		</column>
		<column name="OB_OT_CODE" type="VARCHAR" size="50" null="FALSE">
			<descr>The type of object</descr>
		</column>
		<column name="OB_STATE" type="VARCHAR" size="50" null="FALSE">
			<descr>The state the object</descr>
		</column>
		<column name="OB_DECORATION" type="VARCHAR" size="50">
			<descr>The icon to use for the object (set only if the default is overrided</descr>
		</column>
		<column name="OB_SIZE" type="BIGINT">
			<descr>The size of the object in bytes</descr>
		</column>
		<column name="OB_CRUSER" type="VARCHAR" size="50" null="FALSE">
			<descr>The user that created the object</descr>
		</column>
		<column name="OB_CRDATE" type="TIMESTAMP" null="FALSE">
			<descr>The creation moment of the object</descr>
		</column>
		<column name="OB_USER" type="VARCHAR" size="50" null="FALSE">
			<descr>The user that updated the object for the last time</descr>
		</column>
		<column name="OB_DATE" type="TIMESTAMP" null="FALSE">
			<descr>The last time the object was updated</descr>
		</column>
		<column name="OB_DELUSER" type="VARCHAR" size="50">
			<descr>The user that logically deleted the object</descr>
		</column>
		<column name="OB_DELDATE" type="TIMESTAMP">
			<descr>The logical deletion date</descr>
		</column>
		<column name="OB_ACL" type="VARCHAR" size="50" null="FALSE">
			<descr>The ACL applied to the object</descr>
		</column>
		<column name="OB_OWNER_USER" type="VARCHAR" size="50">
			<descr>The user that is the owner of the object</descr>
		</column>
		<column name="OB_OWNER_GROUP" type="VARCHAR" size="50">
			<descr>The group that is the owner of the object</descr>
		</column>
		<primarykey name="DCOB_PK" dbname="OB_ID"/>
		<foreignkey name="DCOB_FK1" dbname="OB_OT_CODE" ftable="OBJECT_TYPE" ffield="OT_CODE"/>
		<foreignkey name="DCOB_FK2" dbname="OB_CRUSER" ftable="ACCESS_USER" ffield="AU_CODE"/>
		<foreignkey name="DCOB_FK3" dbname="OB_USER" ftable="ACCESS_USER" ffield="AU_CODE"/>
		<foreignkey name="DCOB_FK4" dbname="OB_DELUSER" ftable="ACCESS_USER" ffield="AU_CODE"/>
		<foreignkey name="DCOB_FK5" dbname="OB_ACL" ftable="ACCESS_CONTROL_LIST" ffield="ACL_CODE"/>
		<foreignkey name="DCOB_FK6" dbname="OB_OWNER_USER" ftable="ACCESS_USER" ffield="AU_CODE"/>
		<foreignkey name="DCOB_FK7" dbname="OB_OWNER_GROUP" ftable="ACCESS_GROUP" ffield="AG_CODE"/>		
		<index name="DCOB_IX1" dbname="OB_CRDATE"/>
		<index name="DCOB_IX2" dbname="OB_DATE"/>
		<index name="DCOB_IX3" dbname="OB_DELDATE"/>
	</dbtable>
	
	<dbtable name="DCOBJECT_L">
		<descr>The localized information related to an object</descr>
		<column name="OBL_OB_ID" type="BIGINT" null="FALSE">
			<descr>
				The id of the object.
			</descr>
		</column>
		<column name="OBL_LANGUAGE" type="CHAR" size="2" null="FALSE">
			<descr>
				The language of the localized information.
			</descr>
		</column>
		<column name="OBL_DESCRIPTION" type="VARCHAR" size="254">
			<descr>
				An user-friendly description of the link type.
			</descr>
		</column>
		<primarykey name="DCOBL_PK" dbname="OBL_OB_ID,OBL_LANGUAGE"/>		
		<foreignkey name="DCOBL_FK1" dbname="OBL_OB_ID" ftable="DCOBJECT" ffield="OB_ID"/>
	</dbtable>
		
	<dbtable name="DCOBJECT_LINK">
		<descr>Each row of this table links two objects</descr>
		<column name="OL_SRC_OB_ID" type="BIGINT" null="FALSE">
			<descr>The first object linked</descr>
		</column>
		<column name="OL_DST_OB_ID" type="BIGINT" null="FALSE">
			<descr>The second object linked</descr>
		</column>
		<column name="OL_LC_CODE" type="VARCHAR" size="50" null="FALSE">
			<descr>The link category</descr>
		</column>
		<column name="OL_SEQ" type="INTEGER" null="FALSE">
			<descr>The sequence number used to order the links</descr>
		</column>
		<foreignkey name="DCOL_FK1" dbname="OL_SRC_OB_ID" ftable="DCOBJECT" ffield="OB_ID"/>
		<foreignkey name="DCOL_FK2" dbname="OL_DST_OB_ID" ftable="DCOBJECT" ffield="OB_ID"/>
		<foreignkey name="DCOL_FK3" dbname="OL_LC_CODE" ftable="LINK_CATEGORY" ffield="LC_CODE"/>
	</dbtable>

	<dbtable name="DCOBJECT_RESERVATION">
		<descr>Each row of this table store an object reservation</descr>
		<column name="OR_OB_ID" type="BIGINT" null="FALSE">
			<descr>Id of the reserved object</descr>
		</column>
		<column name="OR_USER" type="VARCHAR" size="50" null="FALSE">
			<descr>User holding the reservation</descr>
		</column>
		<column name="OR_DATE" type="TIMESTAMP" null="FALSE">
			<descr>Reservation date</descr>
		</column>
		<!-- INHERITKEY : primarykey name="DCOR_PK" dbname="OR_OB_ID"/ -->
		<foreignkey name="DCOR_FK1" dbname="OR_OB_ID" ftable="DCOBJECT" ffield="OB_ID"/>
		<foreignkey name="DCOR_FK2" dbname="OR_USER" ftable="ACCESS_USER" ffield="AU_CODE"/>
		<index name="DCOR_IX1" dbname="OR_DATE"/>
	</dbtable>

	<dbtable name="DCOBJECT_HYPERLINK">
		<descr>Each row of this table hold hyperlink data for hyperlink objects</descr>
		<column name="OH_OB_ID" type="BIGINT" null="FALSE">
			<descr>The id of the related object</descr>
		</column>
		<column name="OH_URL" type="LONGVARCHAR" null="FALSE">
			<descr>The complete URL</descr>
		</column>
		<!-- INHERITKEY : primarykey name="DCOH_PK" dbname="OH_OB_ID"/ -->
		<foreignkey name="DCOH_FK1" dbname="OH_OB_ID" ftable="DCOBJECT" ffield="OB_ID"/>
	</dbtable>
		
	<dbtable name="DCOBJECT_QUERY_GROUP">
		<descr>Each row of this table describes a group of a query.</descr>
		<column name="QG_ID" type="BIGINT" id="TRUE" null="FALSE">
			<descr>Unique id of the query group</descr>
		</column>
		<column name="QG_OB_ID" type="BIGINT" null="FALSE">
			<descr>Id of the object</descr>
		</column>
		<column name="QG_QG_ID" type="BIGINT">
			<descr>Id of the parent query group</descr>
		</column>
		<column name="QG_SEQ" type="INTEGER" null="FALSE">
			<descr>Position of this group inside the parent group.</descr>
		</column>
		<column name="QG_OPERATOR" type="INTEGER" null="FALSE">
			<descr>The operator of this query group</descr>
		</column>
		<column name="QG_OT_CODE" type="VARCHAR" size="50" null="FALSE">
			<descr>The object type queryed by this group</descr>
		</column>
		<column name="QG_LC_CODE" type="VARCHAR" size="50">
			<descr>The link category</descr>
		</column>
		<column name="QG_DIRECTION" type="CHAR" size="1">
			<descr>The link category direction</descr>
		</column>
		<primarykey name="DCQG_PK" dbname="QG_ID"/>
		<foreignkey name="DCQG_FK1" dbname="QG_OB_ID" ftable="DCOBJECT" ffield="OB_ID"/>
		<foreignkey name="DCQG_FK2" dbname="QG_QG_ID" ftable="DCOBJECT_QUERY_GROUP" ffield="QG_ID"/>
		<foreignkey name="DCQG_FK3" dbname="QG_OT_CODE" ftable="OBJECT_TYPE" ffield="OT_CODE"/>
		<foreignkey name="DCQG_FK4" dbname="QG_LC_CODE" ftable="LINK_CATEGORY" ffield="LC_CODE"/>
	</dbtable>

	<dbtable name="DCOBJECT_QUERY_FIELD">
		<descr>Each row of this table describea a filter of a query</descr>
		<column name="QF_ID" type="BIGINT" id="TRUE" null="FALSE">
			<descr>Unique id of the query filter</descr>
		</column>
		<column name="QF_QG_ID" type="BIGINT" null="FALSE">
			<descr>The query group this field appears into.</descr>
		</column>
		<column name="QF_SEQ" type="INTEGER" null="FALSE">
			<descr>Position of this field inside the parent group.</descr>
		</column>
		<column name="QF_TYPE" type="CHAR" size="3" null="FALSE">
			<descr>The type of info queried</descr>
		</column>
		<column name="QF_IMF_CODE" type="VARCHAR" size="50">
			<descr>The indexation model field linked to the column</descr>
		</column>
		<column name="QF_EDIT_MODE" type="CHAR" size="1" null="FALSE">
			<descr>The type of filter (Open, Constant, Variable)</descr>
		</column>
		<column name="QF_DEFAULT_OPERATOR" type="VARCHAR" size="20">
			<descr>Operator used in the filter</descr>
		</column>
		<primarykey name="DCQF_PK" dbname="QF_ID"/>
		<foreignkey name="DCQF_FK1" dbname="QF_QG_ID" ftable="DCOBJECT_QUERY_GROUP" ffield="QG_ID"/>
		<foreignkey name="DCQF_FK2" dbname="QF_IMF_CODE" ftable="INDEXATION_MODEL_FIELD" ffield="IMF_CODE"/>
	</dbtable>

	<dbtable name="DCOBJECT_QUERY_FIELD_VALUE">
		<descr>Each row of this table describea a filter of a query</descr>
		<column name="QFV_QF_ID" type="BIGINT" null="FALSE">
			<descr>Unique id of the query filter</descr>
		</column>
		<column name="QFV_VALUE" type="VARCHAR" size="254" null="FALSE">
			<descr>Operator used in the filter</descr>
		</column>
		<foreignkey name="DCQFV_FK1" dbname="QFV_QF_ID" ftable="DCOBJECT_QUERY_FIELD" ffield="QF_ID"/>
	</dbtable>

	<dbtable name="DCOBJECT_QUERY_COLUMN">
		<descr>Each row of this table describes a column returned by a query</descr>
		<column name="QC_ID" type="BIGINT" id="TRUE" null="FALSE">
			<descr>The unique id of this query column</descr>
		</column>
		<column name="QC_OB_ID" type="BIGINT" null="FALSE">
			<descr>Foreign key to the query object</descr>
		</column>
		<column name="QC_TYPE" type="CHAR" size="3" null="FALSE">
			<descr>Type of column to display</descr>
		</column>
		<column name="QC_IMF_CODE" type="VARCHAR" size="50">
			<descr>The indexation model field linked to the column</descr>
		</column>
		<column name="QC_DISPLAY_SEQ" type="INTEGER">
			<descr>Position of the column for display</descr>
		</column>
		<column name="QC_SORT_SEQ" type="INTEGER">
			<descr>Position of the column for sort</descr>
		</column>
		<column name="QC_SORT_ASC" type="CHAR" size="1">
			<descr>Indicates if the sort is ascending or descending</descr>
		</column>
		<primarykey name="DCQC_PK" dbname="QC_ID"/>
		<foreignkey name="DCQC_FK1" dbname="QC_OB_ID" ftable="DCOBJECT" ffield="OB_ID"/>
		<foreignkey name="DCQC_FK2" dbname="QC_IMF_CODE" ftable="INDEXATION_MODEL_FIELD" ffield="IMF_CODE"/>
	</dbtable>	

	<dbtable name="DCOBJECT_NR">
		<descr>Each row of this table stores a notification request</descr>
		<column name="ONR_ID" type="BIGINT" id="TRUE" null="FALSE">
			<descr>The unique id of this notification request</descr>
		</column>
		<column name="ONR_OB_ID" type="BIGINT" null="FALSE">
			<descr>A foreign key to the object</descr>
		</column>
		<column name="ONR_TYPE" type="VARCHAR" size="5" null="FALSE">
			<descr>The notification request type (CRUDM)</descr>
		</column>
		<column name="ONR_USER" type="VARCHAR" size="50">
			<descr>The user that asked the notification</descr>
		</column>
		<column name="ONR_GROUP" type="VARCHAR" size="50">
			<descr>The group that asked the notification</descr>
		</column>
		<primarykey name="ON_PK" dbname="ONR_ID"/>
		<foreignkey name="ON_FK1" dbname="ONR_OB_ID" ftable="DCOBJECT" ffield="OB_ID"/>
		<foreignkey name="ON_FK2" dbname="ONR_USER" ftable="ACCESS_USER" ffield="AU_CODE"/>
		<foreignkey name="ON_FK3" dbname="ONR_GROUP" ftable="ACCESS_GROUP" ffield="AG_CODE"/>
	</dbtable>

	<dbtable name="DCOBJECT_MARKUP">
		<descr>Table used to store complement information for object of type markup</descr>
		<column name="OM_ID" type="BIGINT" id="TRUE" null="FALSE">
			<descr>The unique id of the markup</descr>
		</column>
		<column name="OM_OB_ID" type="BIGINT" null="FALSE">
			<descr>A foreign key to the object</descr>
		</column>
		<column name="OM_VERSION" type="INTEGER">
			<descr>The object version</descr>
		</column>
		<column name="OM_TYPE" type="CHAR" size="1" null="FALSE">
			<descr>The type of markup</descr>
		</column>
		<column name="OM_USER" type="VARCHAR" size="50" null="FALSE">
			<descr>The user that created the markup</descr>
		</column>
		<column name="OM_CRDATE" type="TIMESTAMP" null="FALSE">
			<descr>The date of creation</descr>
		</column>
		<column name="OM_DATE" type="TIMESTAMP" null="FALSE">
			<descr>The date of the last update</descr>
		</column>
		<column name="OM_BC_ID" type="BIGINT">
			<descr>The unique id of the binary content</descr>
		</column>
        <column name="OM_TEXT" type="LONGVARCHAR">
			<descr>The text of the markup</descr>
		</column>
		<primarykey name="DCOM_PK" dbname="OM_ID"/>
		<foreignkey name="DCOM_FK1" dbname="OM_OB_ID" ftable="DCOBJECT" ffield="OB_ID"/>
		<foreignkey name="DCOM_FK2" dbname="OM_USER" ftable="ACCESS_USER" ffield="AU_CODE"/>
		<foreignkey name="DCOM_FK3" dbname="OM_BC_ID" ftable="BINARY_CONTENT" ffield="BC_ID"/>
	</dbtable>

	<dbtable name="DCOBJECT_TASK">
		<descr>
			Each row of the database modelise a task on an object
		</descr>
		<column name="T_ID" type="BIGINT" id="TRUE" null="FALSE">
			<descr>The id of the task</descr>
		</column>
		<column name="T_TT_CODE" type="VARCHAR" size="50" null="FALSE">
			<descr>Foreign key to the type of task</descr>
		</column>
		<column name="T_CREATOR_AU_CODE" type="VARCHAR" size="50" null="FALSE">
			<descr>Foreign key to the user that created the task</descr>
		</column>
		<column name="T_OPERATOR_AU_CODE" type="VARCHAR" size="50">
			<descr>The operator of the task</descr>
		</column>
		<column name="T_CRDATE" type="TIMESTAMP">
			<descr>The creation date of the task</descr>
		</column>
		<column name="T_OB_ID" type="BIGINT" null="FALSE">
			<descr>Foreign key to the object this task is on</descr>
		</column>
		<column name="T_STATE" type="VARCHAR" size="50" null="FALSE">
			<descr>The status of the task</descr>
		</column>
		<column name="T_PROGRESS" type="INTEGER" null="FALSE">
			<descr>The progress of the task</descr>
		</column>
		<column name="T_BEGINDATE" type="TIMESTAMP">
			<descr>The moment when the task was started</descr>
		</column>
		<column name="T_ENDDATE" type="TIMESTAMP">
			<descr>The moment when the task was finished</descr>
		</column>
		<column name="T_COMMENT" type="VARCHAR" size="254">
			<descr>A free text comment</descr>
		</column>
		<column name="T_OOPSDATE" type="TIMESTAMP">
			<descr>The moment this task should be completed</descr>
		</column>
		<column name="T_OPPORTUNDATE" type="TIMESTAMP">
			<descr>The moment this task should be started</descr>
		</column>
		<column name="T_RECALL" type="INTEGER">
			<descr>The recall delay</descr>
		</column>
		<column name="T_PRIORITY" type="CHAR" size="1" null="FALSE">
			<descr>The priority of the task</descr>
		</column>
		<column name="T_PARENT_T_ID" type="BIGINT">
			<descr>In case of reassignation, contains the original task</descr>
		</column>
		<primarykey name="T_PK" dbname="T_ID"/>
		<foreignkey name="T_FK1" dbname="T_CREATOR_AU_CODE" ftable="ACCESS_USER" ffield="AU_CODE"/>		
		<foreignkey name="T_FK2" dbname="T_OPERATOR_AU_CODE" ftable="ACCESS_USER" ffield="AU_CODE"/>
		<foreignkey name="T_FK3" dbname="T_TT_CODE" ftable="TASK_TYPE" ffield="TT_CODE"/>
		<foreignkey name="T_FK4" dbname="T_OB_ID" ftable="DCOBJECT" ffield="OB_ID"/>		
		<foreignkey name="T_FK5" dbname="T_PARENT_T_ID" ftable="DCOBJECT_TASK" ffield="T_ID"/>		
		<index name="T_IX1" dbname="T_OPPORTUNDATE"/>
	</dbtable>

	<dbtable name="DCOBJECT_VERSION">
		<descr>Each row of this table store a version of a file</descr>
		<column name="OV_ID" type="BIGINT" id="TRUE" null="FALSE">
			<descr>The unique id of the version</descr>
		</column>
		<column name="OV_OB_ID" type="BIGINT" null="FALSE">
			<descr>Foreign key to the object</descr>
		</column>
		<column name="OV_VERSION" type="INTEGER" null="FALSE">
			<descr>The version number</descr>
		</column>
		<column name="OV_CREATOR" type="VARCHAR" size="50" null="FALSE">
			<descr>The user that created the file</descr>
		</column>
		<column name="OV_DATE" type="TIMESTAMP" null="FALSE">
			<descr>The creation date of the file</descr>
		</column>
		<column name="OV_BC_ID" type="INTEGER" null="FALSE">
			<descr>The binary content related to this version</descr>
		</column>
		<primarykey name="DCOV_PK" dbname="OV_ID"/>
		<foreignkey name="DCOV_FK1" dbname="OV_OB_ID" ftable="DCOBJECT" ffield="OB_ID"/>
		<foreignkey name="DCOV_FK2" dbname="OV_CREATOR" ftable="ACCESS_USER" ffield="AU_CODE"/>		
	</dbtable>

	<dbtable name="DCOBJECT_RENDITION">
		<descr>This table stores renditions</descr>
		<column name="OR_ID" type="BIGINT" id="TRUE" null="FALSE">
			<descr>The unique id of the  rendition</descr>
		</column>
		<column name="OR_OB_ID" type="BIGINT" null="FALSE">
			<descr>The id of the objet this rendition is related to</descr>
		</column>
		<column name="OR_VERSION" type="INTEGER">
			<descr>The version of the object this rendition is related to</descr>
		</column>
		<column name="OR_BC_ID" type="BIGINT" null="FALSE">
			<descr>The binary content related to this rendition</descr>
		</column>
		<column name="OR_TYPE" type="CHAR" size="1" null="FALSE">
			<descr>The rendition type</descr>
		</column>
		<column name="OR_DATE" type="TIMESTAMP" null="FALSE">
			<descr>The update date of the rendition</descr>
		</column>
		<primarykey name="DCRD_PK" dbname="OR_ID"/>
		<foreignkey name="DCRD_FK1" dbname="OR_OB_ID" ftable="DCOBJECT" ffield="OB_ID"/>
		<foreignkey name="DCRD_FK2" dbname="OR_BC_ID" ftable="BINARY_CONTENT" ffield="BC_ID"/>
	</dbtable>

	<dbtable name="DCOBJECT_RENDITION_REQUEST">
		<descr>This table holds the pending rendition requests waiting to complete</descr>
		<column name="ORR_ID" type="BIGINT" id="TRUE" null="FALSE">
			<descr>The unique id of the rendition request.</descr>
		</column>
		<column name="ORR_STATE" type="VARCHAR" size="50" null="FALSE">
			<descr>The state of the request.</descr>
		</column>
		<column name="ORR_OB_ID" type="BIGINT" null="FALSE">
			<descr>The object this request is related to.</descr>
		</column>
		<column name="ORR_OV_ID" type="BIGINT">
			<descr>The version of the object concerned by the rendition request.</descr>
		</column>
		<column name="ORR_TYPE" type="CHAR" size="1" null="FALSE">
			<descr>The type of rendition request (P: pdf rendition, T: thumbnails).</descr>
		</column>
		<column name="ORR_FORCED" type="BOOL" null="FALSE">
			<descr>Indicates if the rendition must be forced or not.</descr>
		</column>
		<column name="ORR_REPLACE" type="BOOL" null="FALSE">
			<descr>Indicates if the rendition will replace the original file.</descr>
		</column>
		<column name="ORR_PRIORITY" type="INTEGER" null="FALSE">
			<descr>The priority of the request (the highest wins).</descr>
		</column>
		<column name="ORR_ASK_DATE" type="TIMESTAMP" null="FALSE">
			<descr>Indicates when the request was made.</descr>
		</column>
		<column name="ORR_START_DATE" type="TIMESTAMP">
			<descr>Indicates when the request was handled.</descr>
		</column>
		<column name="ORR_ERROR_DATE" type="TIMESTAMP">
			<descr>Indicates when the request was aborted due to an error.</descr>
		</column>
		<column name="ORR_ERROR_TEXT" type="LONGVARCHAR">
			<descr>The text of the error that occured.</descr>
		</column>
		<primarykey name="DCORR_PK" dbname="ORR_ID"/>
		<index name="DCORR_IX1" dbname="ORR_OB_ID"/>
		<index name="DCORR_IX2" dbname="ORR_OV_ID"/>
		<!-- There is no foreign key on ORR_OB_ID or ORR_OV_ID on purpose ! -->
	</dbtable>

	<dbtable name="DCOBJECT_FULLTEXT_REQUEST">
		<descr>This table holds the pending fulltext indexations waiting to complete</descr>
		<column name="OFR_ID" type="BIGINT" id="TRUE" null="FALSE">
			<descr>The unique id of the full text indexation request.</descr>
		</column>
		<column name="OFR_STATE" type="VARCHAR" size="50" null="FALSE">
			<descr>The state of the request.</descr>
		</column>
		<column name="OFR_OB_ID" type="BIGINT" null="FALSE">
			<descr>The id of the object waiting for a reindexation.</descr>
		</column>
		<column name="OFR_PRIORITY" type="INTEGER" null="FALSE">
			<descr>The priority of the request (the highest wins).</descr>
		</column>
		<column name="OFR_ASK_DATE" type="TIMESTAMP" null="FALSE">
			<descr>Indicates when the request was made.</descr>
		</column>
		<column name="OFR_START_DATE" type="TIMESTAMP">
			<descr>Indicates when the request was handled.</descr>
		</column>
		<column name="OFR_ERROR_DATE" type="TIMESTAMP">
			<descr>Indicates when the request was aborted due to an error.</descr>
		</column>
		<column name="OFR_ERROR_TEXT" type="LONGVARCHAR">
			<descr>The text of the error that occured.</descr>
		</column>
		<primarykey name="DCOFR_PK" dbname="OFR_ID"/>
		<index name="DCOFR_IX1" dbname="OFR_OB_ID"/>
		<!-- There is no foreign key on OFR_OB_ID  on purpose ! -->
	</dbtable>
	
	<dbtable name="OBJECT_TYPE_DISPLAY_FIELD">
		<descr>This table holds the displayble fields linked to an object type.</descr>
		<column name="ODF_OT_CODE" type="VARCHAR" size="50" null="FALSE">
			<descr>The id of the object type this field is linked to</descr>
		</column>
		<column name="ODF_TYPE" type="VARCHAR" size="3" null="FALSE">
			<descr>The type of this displayable field</descr>
		</column>
		<column name="ODF_IMF_CODE" type="VARCHAR" size="50">
			<descr>The indexation model field to display</descr>
		</column>
		<foreignkey name="DCODF_FK1" dbname="ODF_OT_CODE" ftable="OBJECT_TYPE" ffield="OT_CODE"/>
		<foreignkey name="DCODF_FK2" dbname="ODF_IMF_CODE" ftable="INDEXATION_MODEL_FIELD" ffield="IMF_CODE"/>
	</dbtable>
	
	<dbtable name="OBJECT_TYPE_SORT_FIELD">
		<descr>This table holds the sortable field linked to an object type.</descr>
		<column name="OSF_OT_CODE" type="VARCHAR" size="50" null="FALSE">
			<descr>The id of the object type this field is linked to</descr>
		</column>
		<column name="OSF_TYPE" type="VARCHAR" size="3" null="FALSE">
			<descr>The type of this field</descr>
		</column>
		<column name="OSF_IMF_CODE" type="VARCHAR" size="50">
			<descr>The indexation model field to display</descr>
		</column>
		<column name="OSF_ORDER" type="INTEGER" null="FALSE">
			<descr>The sort order</descr>
		</column>
		<column name="OSF_SEQ" type="INTEGER" null="FALSE">
			<descr>The position of the field</descr>
		</column>
		<foreignkey name="DCOSF_FK1" dbname="OSF_OT_CODE" ftable="OBJECT_TYPE" ffield="OT_CODE"/>
		<foreignkey name="DCOSF_FK2" dbname="OSF_IMF_CODE" ftable="INDEXATION_MODEL_FIELD" ffield="IMF_CODE"/>
	</dbtable>
	
	<dbtable name="NOTIFY_WORK">
		<descr>
			This table is used as a temporary table for the notification program.
			This table can become VERY large when computing e-mail notifications but 
			is completely truncated before and after the e-mail notification job.
		</descr>
		<column name="NW_PARENT_ID" type="BIGINT" null="FALSE">
			<descr>The id of a parent object</descr>
		</column>
		<column name="NW_OBJECT_ID" type="BIGINT" null="FALSE">
			<descr>The id of the current object</descr>
		</column>
		<column name="NW_DATE" type="TIMESTAMP" null="FALSE">
			<descr>The date of the event to notify</descr>			
		</column>
		<column name="NW_TYPE" type="CHAR" size="1" null="FALSE">
			<descr>The type of the event to notify</descr>
		</column>
		<column name="NW_USER" type="VARCHAR" size="50" null="FALSE">
			<descr>The user that performed the event to notify</descr>
		</column>
		<index name="NW_IX1" dbname="NW_PARENT_ID"/>
	</dbtable>
	
	<dbtable name="TABLE_TECH">
		<descr>This table is used internally to generate unique identifiers</descr>
		<column name="TEC_SERIAL_DEF1" type="INTEGER">
			<descr>Counter 1</descr>
		</column>
		<column name="TEC_SERIAL_DEF2" type="INTEGER">
			<descr>Counter 2</descr>
		</column>
		<column name="TEC_SERIAL_DEF3" type="INTEGER">
			<descr>Counter 3</descr>
		</column>
		<column name="TEC_SERIAL_DEF4" type="INTEGER">
			<descr>Counter 4</descr>
		</column>
		<column name="TEC_SERIAL_DEF5" type="INTEGER">
			<descr>Counter 5</descr>
		</column>
		<column name="TEC_SERIAL_DEF6" type="INTEGER">
			<descr>Counter 6</descr>
		</column>
		<column name="TEC_SERIAL_DEF7" type="INTEGER">
			<descr>Counter 7</descr>
		</column>
		<column name="TEC_SERIAL_DEF8" type="INTEGER">
			<descr>Counter 8</descr>
		</column>
		<column name="TEC_SERIAL_DEF9" type="INTEGER">
			<descr>Counter 9</descr>
		</column>
		<column name="TEC_SERIAL_DEF10" type="INTEGER">
			<descr>Counter 10</descr>
		</column>
		<column name="TEC_SERIAL_IMPORT" type="INTEGER">
			<descr>Counter for import</descr>
		</column>
		<column name="TEC_DB_VERSION" type="INTEGER">
			<descr>Product version number * 100</descr>
		</column>
	</dbtable>
	
	<dbtable name="IMPORT_JOB">
		<descr>
			Each row of the database modelize an import job.
		</descr>
		<column name="IJ_ID" type="BIGINT" id="TRUE" null="FALSE">
			<descr>Primary key of the import job.</descr>
		</column>
		<column name="IJ_STATE" type="VARCHAR" size="50" null="FALSE">
			<descr>State of the import job.</descr>
		</column>
		<column name="IJ_CRON" type="VARCHAR" size="254" null="FALSE">
			<descr>Cron expression for the scheduling of the import job.</descr>
		</column>
		<column name="IJ_DETAILS" type="LONGVARCHAR" null="FALSE">
			<descr>XML data holding the whole configuration of the import job.</descr>
		</column>
		<primarykey name="IJ_IX1" dbname="IJ_ID"/>
	</dbtable>
	
	<dbtable name="IMPORT_JOB_L">
		<descr>
			Each row of the database holds localized information about an import job.
		</descr>
		<column name="IJL_IJ_ID" type="BIGINT" null="FALSE">
			<descr>
				The unique code of the import job.
			</descr>
		</column>
		<column name="IJL_LANGUAGE" type="CHAR" size="2" null="FALSE">
			<descr>
				The language of the localized information.
			</descr>
		</column>
		<column name="IJL_LABEL" type="VARCHAR" size="50">
			<descr>
				An user-friendly label of the import job.
			</descr>
		</column>
		<column name="IJL_DESCRIPTION" type="VARCHAR" size="254">
			<descr>
				An user-friendly description of the import job.
			</descr>
		</column>
		<primarykey name="IJL_PK" dbname="IJL_IJ_ID,IJL_LANGUAGE"/>		
		<foreignkey name="IJL_FK1" dbname="IJL_IJ_ID" ftable="IMPORT_JOB" ffield="IJ_ID"/>
	</dbtable>
	
	<dbtable name="IMPORT_JOB_RUN">
		<descr>
			Each row of this table holds the execution result of an import job.
		</descr>
		<column name="IJR_ID" type="BIGINT" id="TRUE" null="FALSE">
			<descr>The unique id of the import job run.	</descr>
		</column>
		<column name="IJR_IJ_ID" type="BIGINT" null="FALSE">
			<descr>The id of the import job this run is related to.</descr>
		</column>
		<column name="IJR_BEGIN" type="TIMESTAMP" null="FALSE">
			<descr>The moment this job started.</descr>
		</column>
		<column name="IJR_END" type="TIMESTAMP">
			<descr>The moment this job ended.</descr>
		</column>
		<column name="IJR_SUCCESS" type="CHAR" size="1">
			<descr>Indicates if the run was a success or a failure.</descr>
		</column>
		<column name="IJR_BATCHES_NUMBER" type="INTEGER">
			<descr>The number of batches that have been processed.</descr>
		</column>
		<column name="IJR_DOCUMENTS_NUMBER" type="INTEGER">
			<descr>The number of documents that have been processed.</descr>
		</column>
		<primarykey name="IJR_PK" dbname="IJR_ID"/>
		<foreignkey name="IJR_FK1" dbname="IJR_IJ_ID" ftable="IMPORT_JOB" ffield="IJ_ID"/>
	</dbtable>
	
	<dbtable name="JOBS">
		<descr>Jobs</descr>
		<column name="JOB_NAME" type="VARCHAR" size="50" null="FALSE">
			<descr>Name of the job</descr>
		</column>
		<column name="JOB_LASTDATE" type="TIMESTAMP" null="FALSE">
			<descr>Last time the job was run</descr>
		</column>
		<primarykey name="JOB_PK" dbname="JOB_NAME"/>
	</dbtable>
	
</sdb>