<?xml version="1.0" encoding="iso-8859-1"?>
<!DOCTYPE sdb PUBLIC "-//IRIS//XML Specifications//sdb" "http://localhost/spectools/sdb/dtd/sdb.dtd">
<sdb>
	<dbtable name="SQ_FILTER">
		<descr>
			Each row of this table represents some information about a saved query filter.
		</descr>
		<column name="ID" type="BIGINT" null="FALSE" id="TRUE">
			<descr>
				The id of the related object.
			</descr>
		</column>
		<column name="SQF_TYPE" type="VARCHAR" size="50" null="FALSE">
			<descr>
				The code of the filed the column is linked to.
			</descr>
		</column>
		<primarykey name="SQF_PK" dbname="ID"/>
	</dbtable>

	<dbtable name="DCOBJECT_SAVED_QUERY">
		<descr>
			Each row of this table represents information about a saved query.
		</descr>
		<column name="DSQ_OB_ID" type="BIGINT" null="FALSE">
			<descr>
				The id of the related object.
			</descr>
		</column>
		<column name="DSQ_FILTER_ID" type="BIGINT" null="FALSE">
			<descr>
				The id of the filter of this saved query.
			</descr>
		</column>
		<column name="DSQ_DELETED_OBJECT" type="INTEGER">
			<descr>Specify if deleted objects have to be searched as well.</descr>
		</column>
		<column name="DSQ_FILTER_REND_VER" type="CHAR" size="1">
			<descr>An user-friendly description of the document generator.</descr>
		</column>
		<foreignkey name="DSQ_FK1" dbname="DSQ_OB_ID" ftable="DCOBJECT" ffield="OB_ID"/>
		<foreignkey name="DSQ_FK2" dbname="DSQ_FILTER_ID" ftable="SQ_FILTER" ffield="ID"/>
	</dbtable>

	<dbtable name="SAVED_QUERY_DISPLAY_C">
		<descr>
			Each row of this table represents information about a saved query.
		</descr>
		<column name="SQDC_OB_ID" type="BIGINT" null="FALSE">
			<descr>
				The id of the related object.
			</descr>
		</column>
		<column name="SQDC_FIELD_CODE" type="VARCHAR" size="50" null="FALSE">
			<descr>
				The code of the filed the column is linked to.
			</descr>
		</column>
		<column name="SQDC_SEQ" type="INTEGER">
			<descr>Sequence number.</descr>
		</column>
		<foreignkey name="SQDC_FK1" dbname="SQDC_OB_ID" ftable="DCOBJECT" ffield="OB_ID"/>
		<foreignkey name="SQDC_FK2" dbname="SQDC_FIELD_CODE" ftable="INDEXATION_MODEL_FIELD" ffield="IMF_CODE"/>
	</dbtable>

	<dbtable name="SAVED_QUERY_SORT_C">
		<descr>
			Each row of this table represents information about a saved query.
		</descr>
		<column name="SQSC_OB_ID" type="BIGINT" null="FALSE">
			<descr>
				The id of the related object.
			</descr>
		</column>
		<column name="SQSC_FIELD_CODE" type="VARCHAR" size="50" null="FALSE">
			<descr>
				The code of the field the column is linked to.
			</descr>
		</column>
		<column name="SQSC_MODE" type="CHAR" size="1">
			<descr>The representation of the data in this display column.</descr>
		</column>
		<column name="SQSC_GROUP_BY" type="CHAR" size="1">
			<descr>Is this option is a sort group.</descr>
		</column>
		<column name="SQSC_SEQ" type="INTEGER">
			<descr>Sequence number.</descr>
		</column>
		<foreignkey name="SQSC_FK1" dbname="SQSC_OB_ID" ftable="DCOBJECT" ffield="OB_ID"/>
		<foreignkey name="SQSC_FK2" dbname="SQSC_FIELD_CODE" ftable="INDEXATION_MODEL_FIELD" ffield="IMF_CODE"/>
	</dbtable>

	<dbtable name="SQ_FILTER_FIELD">
		<descr>
			Each row of this table represents information about a saved query.
		</descr>
		<column name="SQFF_FILTER_ID" type="BIGINT" null="FALSE">
			<descr>
				The id of this filter.
			</descr>
		</column>
		<column name="SQFF_FIELD_CODE" type="VARCHAR" size="50" null="FALSE">
			<descr>
				The code of the field the column is linked to.
			</descr>
		</column>
		<column name="SQFF_OPERATOR" type="VARCHAR" size="2" null="FALSE">
			<descr>The representation of the data in this display column.</descr>
		</column>
		<column name="SQFF_EDIT_MODE" type="CHAR" size="1">
			<descr>Edit mode.</descr>
		</column>
		<foreignkey name="SQFF_FK1" dbname="SQFF_FILTER_ID" ftable="SQ_FILTER" ffield="ID"/>
		<foreignkey name="SQFF_FK2" dbname="SQFF_FIELD_CODE" ftable="INDEXATION_MODEL_FIELD" ffield="IMF_CODE"/>
	</dbtable>

	<dbtable name="SQ_FILTER_GROUP">
		<descr>
			Each row of this table represents information about filter group.
		</descr>
		<column name="SQFG_FILTER_ID" type="BIGINT" null="FALSE">
			<descr>
				The id of the filter.
			</descr>
		</column>
		<column name="SQFG_OPERATOR" type="INTEGER" null="FALSE">
			<descr>The operator of this group.</descr>
		</column>
		<foreignkey name="SQFG_FK1" dbname="SQFG_FILTER_ID" ftable="SQ_FILTER" ffield="ID"/>
	</dbtable>

	<dbtable name="SQ_FG_FILTER">
		<descr>
			Each row of this table represents information about filter belonging to a filter group.
		</descr>
		<column name="SQFGF_GRP_ID" type="BIGINT" null="FALSE">
			<descr>
				The id of the filter group.
			</descr>
		</column>
		<column name="SQFGF_FILTER_ID" type="BIGINT" null="FALSE">
			<descr>
				The id of the filter.
			</descr>
		</column>
		<column name="SQFGF_SEQ" type="INTEGER" null="FALSE">
			<descr>The direction to follow the link.</descr>
		</column>
		<foreignkey name="SQFGF_FK1" dbname="SQFGF_GRP_ID" ftable="SQ_FILTER" ffield="ID"/>
		<foreignkey name="SQFGF_FK2" dbname="SQFGF_FILTER_ID" ftable="SQ_FILTER" ffield="ID"/>
	</dbtable>

	<dbtable name="SQ_FILTER_LNK_OBJ">
		<descr>
			Each row of this table represents information about filter on linked object.
		</descr>
		<column name="SQFLNK_FILTER_ID" type="BIGINT" null="FALSE">
			<descr>
				The id of the filter.
			</descr>
		</column>
		<column name="SQFLNK_CAT_CODE" type="VARCHAR" size="50" null="FALSE">
			<descr>
				The link category code the column is linked to.
			</descr>
		</column>
		<column name="SQFLNK_DIRECTION" type="CHAR" size="1" null="FALSE">
			<descr>The direction to follow the link.</descr>
		</column>
		<foreignkey name="SQFLNK_FK1" dbname="SQFLNK_FILTER_ID" ftable="SQ_FILTER" ffield="ID"/>
		<foreignkey name="SQFLNK_FK2" dbname="SQFLNK_CAT_CODE" ftable="LINK_CATEGORY" ffield="LC_CODE"/>
	</dbtable>

	<dbtable name="SQ_FILTER_TEXT">
		<descr>
			Each row of this table represents information about a filter on text content.
		</descr>
		<column name="SQFT_FILTER_ID" type="BIGINT" null="FALSE">
			<descr>
				The id of this filter.
			</descr>
		</column>
		<column name="SQFT_QUERY_LANGUAGE" type="VARCHAR" size="3">
			<descr>
				The language of the query.
			</descr>
		</column>
		<column name="SQFT_QUERY_STRING" type="VARCHAR" size="50">
			<descr>The query string.</descr>
		</column>
		<column name="SQFT_EDIT_MODE" type="CHAR" size="1" null="FALSE">
			<descr>Edit mode.</descr>
		</column>
		<foreignkey name="SQFT_FK1" dbname="SQFT_FILTER_ID" ftable="SQ_FILTER" ffield="ID"/>
	</dbtable>

	<dbtable name="SQ_FILTER_VALUES">
		<descr>
			Each row of this table represents information about filter values.
		</descr>
		<column name="SQFV_FILTER_ID" type="BIGINT" null="FALSE">
			<descr>
				The id of this filter the values belong to.
			</descr>
		</column>
		<column name="SQFV_VALUE" type="VARCHAR" size="254">
			<descr>
				A value of the filter.
			</descr>
		</column>
		<column name="SQFV_SEQ" type="INTEGER">
			<descr>Sequence number.</descr>
		</column>
		<foreignkey name="SQFV_FK1" dbname="SQFV_FILTER_ID" ftable="SQ_FILTER" ffield="ID"/>
	</dbtable>

</sdb>