<?xml version="1.0" encoding="utf-8"?><script><sql>
CREATE TABLE STORAGE_CHUNK (
		SC_CODE VARCHAR(50) NOT NULL,
		SC_STATE VARCHAR(50) NOT NULL,
		SC_LOCK BIGINT NOT NULL,
		SC_URL VARCHAR(512) NOT NULL,
		SC_BLOCK BIGINT NOT NULL,
		SC_LIMIT BIGINT NOT NULL,
		SC_CURSIZE BIGINT NOT NULL,
		SC_WARN BIGINT NOT NULL,
		SC_WORM CHAR(1) NULL,
		SC_RETENTION_DATE TIMESTAMP NULL,
		SC_ALLOWS_PRIMARY_FILES CHAR(1) NOT NULL,
		SC_ALLOWS_RENDITIONS CHAR(1) NOT NULL,
		SC_ALLOWS_NOTES CHAR(1) NOT NULL,
		SC_ENGINE VARCHAR(10) NOT NULL
) CHARACTER SET ucs2 COLLATE ucs2_general_ci ENGINE=InnoDB
		</sql><sql>
ALTER TABLE STORAGE_CHUNK ADD CONSTRAINT PSC_PK PRIMARY KEY (SC_CODE)
			</sql><sql>
CREATE UNIQUE INDEX USC_PK ON STORAGE_CHUNK(SC_CODE)
			</sql><sql>
CREATE TABLE STORAGE_CHUNK_DELETION (
		SCD_ID BIGINT PRIMARY KEY NOT NULL AUTO_INCREMENT,
		SCD_SC_CODE VARCHAR(50) NOT NULL,
		SCD_PATH VARCHAR(254) NOT NULL,
		SCD_SIZE BIGINT NOT NULL,
		SCD_DATE TIMESTAMP NOT NULL
) CHARACTER SET ucs2 COLLATE ucs2_general_ci ENGINE=InnoDB
		</sql><sql>
CREATE TABLE STORAGE_CHUNK_CANCELLATION (
		SCC_ID BIGINT NOT NULL
) CHARACTER SET ucs2 COLLATE ucs2_general_ci ENGINE=InnoDB
		</sql><sql>
ALTER TABLE STORAGE_CHUNK_CANCELLATION ADD CONSTRAINT PSCC_PK PRIMARY KEY (SCC_ID)
			</sql><sql>
CREATE UNIQUE INDEX USCC_PK ON STORAGE_CHUNK_CANCELLATION(SCC_ID)
			</sql><sql>
CREATE TABLE ACCESS_CONTROL_LIST (
		ACL_CODE VARCHAR(50) NOT NULL,
		ACL_STATE VARCHAR(50) NOT NULL
) CHARACTER SET ucs2 COLLATE ucs2_general_ci ENGINE=InnoDB
		</sql><sql>
ALTER TABLE ACCESS_CONTROL_LIST ADD CONSTRAINT PACL_PK PRIMARY KEY (ACL_CODE)
			</sql><sql>
CREATE UNIQUE INDEX UACL_PK ON ACCESS_CONTROL_LIST(ACL_CODE)
			</sql><sql>
CREATE TABLE ACCESS_CONTROL_LIST_L (
		ACLL_ACL_CODE VARCHAR(50) NOT NULL,
		ACLL_LANGUAGE CHAR(2) NOT NULL,
		ACLL_LABEL VARCHAR(50) NULL,
		ACLL_DESCRIPTION VARCHAR(254) NULL
) CHARACTER SET ucs2 COLLATE ucs2_general_ci ENGINE=InnoDB
		</sql><sql>
ALTER TABLE ACCESS_CONTROL_LIST_L ADD CONSTRAINT PACLL_PK PRIMARY KEY (ACLL_ACL_CODE,ACLL_LANGUAGE)
			</sql><sql>
CREATE UNIQUE INDEX UACLL_PK ON ACCESS_CONTROL_LIST_L(ACLL_ACL_CODE,ACLL_LANGUAGE)
			</sql><sql>
ALTER TABLE ACCESS_CONTROL_LIST_L ADD CONSTRAINT FACLL_FK1 FOREIGN KEY (ACLL_ACL_CODE) REFERENCES ACCESS_CONTROL_LIST(ACL_CODE)
			</sql><sql>
CREATE INDEX IACLL_FK1 ON ACCESS_CONTROL_LIST_L(ACLL_ACL_CODE)
			</sql><sql>
CREATE TABLE AUTHORITY_LIST (
		AL_CODE VARCHAR(50) NOT NULL,
		AL_STATE VARCHAR(50) NOT NULL,
		AL_TYPE CHAR(1) NOT NULL,
		AL_AUTOID CHAR(1) NOT NULL,
		AL_EXT_TABLE VARCHAR(50) NULL,
		AL_EXT_CODE_COLUMN VARCHAR(50) NULL,
		AL_EXT_LANGUAGE_COLUMN VARCHAR(50) NULL,
		AL_EXT_LABEL_COLUMN VARCHAR(50) NULL,
		AL_EXT_DESCRIPTION_COLUMN VARCHAR(50) NULL
) CHARACTER SET ucs2 COLLATE ucs2_general_ci ENGINE=InnoDB
		</sql><sql>
ALTER TABLE AUTHORITY_LIST ADD CONSTRAINT PAL_PK PRIMARY KEY (AL_CODE)
			</sql><sql>
CREATE UNIQUE INDEX UAL_PK ON AUTHORITY_LIST(AL_CODE)
			</sql><sql>
CREATE TABLE AUTHORITY_LIST_L (
		ALL_AL_CODE VARCHAR(50) NOT NULL,
		ALL_LANGUAGE CHAR(2) NOT NULL,
		ALL_LABEL VARCHAR(50) NULL,
		ALL_DESCRIPTION VARCHAR(254) NULL
) CHARACTER SET ucs2 COLLATE ucs2_general_ci ENGINE=InnoDB
		</sql><sql>
ALTER TABLE AUTHORITY_LIST_L ADD CONSTRAINT PALL_PK PRIMARY KEY (ALL_AL_CODE,ALL_LANGUAGE)
			</sql><sql>
CREATE UNIQUE INDEX UALL_PK ON AUTHORITY_LIST_L(ALL_AL_CODE,ALL_LANGUAGE)
			</sql><sql>
ALTER TABLE AUTHORITY_LIST_L ADD CONSTRAINT FALL_FK1 FOREIGN KEY (ALL_AL_CODE) REFERENCES AUTHORITY_LIST(AL_CODE)
			</sql><sql>
CREATE INDEX IALL_FK1 ON AUTHORITY_LIST_L(ALL_AL_CODE)
			</sql><sql>
CREATE TABLE AUTHORITY_LIST_ENTRY (
		ALE_AL_CODE VARCHAR(50) NOT NULL,
		ALE_CODE VARCHAR(50) NOT NULL,
		ALE_STATE VARCHAR(50) NOT NULL
) CHARACTER SET ucs2 COLLATE ucs2_general_ci ENGINE=InnoDB
		</sql><sql>
ALTER TABLE AUTHORITY_LIST_ENTRY ADD CONSTRAINT PALE_PK PRIMARY KEY (ALE_AL_CODE, ALE_CODE)
			</sql><sql>
CREATE UNIQUE INDEX UALE_PK ON AUTHORITY_LIST_ENTRY(ALE_AL_CODE, ALE_CODE)
			</sql><sql>
ALTER TABLE AUTHORITY_LIST_ENTRY ADD CONSTRAINT FALE_FK1 FOREIGN KEY (ALE_AL_CODE) REFERENCES AUTHORITY_LIST(AL_CODE)
			</sql><sql>
CREATE INDEX IALE_FK1 ON AUTHORITY_LIST_ENTRY(ALE_AL_CODE)
			</sql><sql>
CREATE TABLE AUTHORITY_LIST_ENTRY_L (
		ALEL_AL_CODE VARCHAR(50) NOT NULL,
		ALEL_ALE_CODE VARCHAR(50) NOT NULL,
		ALEL_LANGUAGE CHAR(2) NOT NULL,
		ALEL_LABEL VARCHAR(254) NULL,
		ALEL_DESCRIPTION VARCHAR(254) NULL
) CHARACTER SET ucs2 COLLATE ucs2_general_ci ENGINE=InnoDB
		</sql><sql>
ALTER TABLE AUTHORITY_LIST_ENTRY_L ADD CONSTRAINT PALEL_PK PRIMARY KEY (ALEL_AL_CODE,ALEL_ALE_CODE,ALEL_LANGUAGE)
			</sql><sql>
CREATE UNIQUE INDEX UALEL_PK ON AUTHORITY_LIST_ENTRY_L(ALEL_AL_CODE,ALEL_ALE_CODE,ALEL_LANGUAGE)
			</sql><sql>
ALTER TABLE AUTHORITY_LIST_ENTRY_L ADD CONSTRAINT FALEL_FK1 FOREIGN KEY (ALEL_AL_CODE,ALEL_ALE_CODE) REFERENCES AUTHORITY_LIST_ENTRY(ALE_AL_CODE, ALE_CODE)
			</sql><sql>
CREATE INDEX IALEL_FK1 ON AUTHORITY_LIST_ENTRY_L(ALEL_AL_CODE,ALEL_ALE_CODE)
			</sql><sql>
CREATE TABLE ACCESS_GROUP (
		AG_CODE VARCHAR(50) NOT NULL,
		AG_STATE VARCHAR(50) NOT NULL,
		AG_CRDATE TIMESTAMP NOT NULL
) CHARACTER SET ucs2 COLLATE ucs2_general_ci ENGINE=InnoDB
		</sql><sql>
ALTER TABLE ACCESS_GROUP ADD CONSTRAINT PAG_PK PRIMARY KEY (AG_CODE)
			</sql><sql>
CREATE UNIQUE INDEX UAG_PK ON ACCESS_GROUP(AG_CODE)
			</sql><sql>
CREATE TABLE ACCESS_GROUP_L (
		AGL_AG_CODE VARCHAR(50) NOT NULL,
		AGL_LANGUAGE CHAR(2) NOT NULL,
		AGL_LABEL VARCHAR(50) NULL,
		AGL_DESCRIPTION VARCHAR(254) NULL
) CHARACTER SET ucs2 COLLATE ucs2_general_ci ENGINE=InnoDB
		</sql><sql>
ALTER TABLE ACCESS_GROUP_L ADD CONSTRAINT PAGL_PK PRIMARY KEY (AGL_AG_CODE,AGL_LANGUAGE)
			</sql><sql>
CREATE UNIQUE INDEX UAGL_PK ON ACCESS_GROUP_L(AGL_AG_CODE,AGL_LANGUAGE)
			</sql><sql>
ALTER TABLE ACCESS_GROUP_L ADD CONSTRAINT FAGL_FK1 FOREIGN KEY (AGL_AG_CODE) REFERENCES ACCESS_GROUP(AG_CODE)
			</sql><sql>
CREATE INDEX IAGL_FK1 ON ACCESS_GROUP_L(AGL_AG_CODE)
			</sql><sql>
CREATE TABLE ACCESS_USER (
		AU_CODE VARCHAR(50) NOT NULL,
		AU_STATE VARCHAR(50) NOT NULL,
		AU_CRDATE TIMESTAMP NOT NULL,
		AU_PASSWD VARCHAR(50) NULL,
		AU_MAIL VARCHAR(254) NULL,
		AU_LANGUAGE CHAR(2) NULL,
		AU_PAGESIZE INTEGER NOT NULL
) CHARACTER SET ucs2 COLLATE ucs2_general_ci ENGINE=InnoDB
		</sql><sql>
ALTER TABLE ACCESS_USER ADD CONSTRAINT PAU_PK PRIMARY KEY (AU_CODE)
			</sql><sql>
CREATE UNIQUE INDEX UAU_PK ON ACCESS_USER(AU_CODE)
			</sql><sql>
CREATE TABLE ACCESS_USER_L (
		AUL_AU_CODE VARCHAR(50) NOT NULL,
		AUL_LANGUAGE CHAR(2) NOT NULL,
		AUL_LABEL VARCHAR(50) NULL,
		AUL_DESCRIPTION VARCHAR(254) NULL
) CHARACTER SET ucs2 COLLATE ucs2_general_ci ENGINE=InnoDB
		</sql><sql>
ALTER TABLE ACCESS_USER_L ADD CONSTRAINT PAUL_PK PRIMARY KEY (AUL_AU_CODE,AUL_LANGUAGE)
			</sql><sql>
CREATE UNIQUE INDEX UAUL_PK ON ACCESS_USER_L(AUL_AU_CODE,AUL_LANGUAGE)
			</sql><sql>
ALTER TABLE ACCESS_USER_L ADD CONSTRAINT FAUL_FK1 FOREIGN KEY (AUL_AU_CODE) REFERENCES ACCESS_USER(AU_CODE)
			</sql><sql>
CREATE INDEX IAUL_FK1 ON ACCESS_USER_L(AUL_AU_CODE)
			</sql><sql>
CREATE TABLE ACCESS_TICKETS (
		AT_TICKET VARCHAR(128) NOT NULL,
		AT_AU_CODE VARCHAR(50) NOT NULL,
		AT_VALIDITY_DATE TIMESTAMP NOT NULL,
		AT_ONE_TIME CHAR(1) NOT NULL
) CHARACTER SET ucs2 COLLATE ucs2_general_ci ENGINE=InnoDB
		</sql><sql>
ALTER TABLE ACCESS_TICKETS ADD CONSTRAINT PAT_PK PRIMARY KEY (AT_TICKET)
			</sql><sql>
CREATE UNIQUE INDEX UAT_PK ON ACCESS_TICKETS(AT_TICKET)
			</sql><sql>
ALTER TABLE ACCESS_TICKETS ADD CONSTRAINT FAT_FK1 FOREIGN KEY (AT_AU_CODE) REFERENCES ACCESS_USER(AU_CODE)
			</sql><sql>
CREATE INDEX IAT_FK1 ON ACCESS_TICKETS(AT_AU_CODE)
			</sql><sql>
CREATE TABLE USER_GROUP (
		UG_AU_CODE VARCHAR(50) NOT NULL,
		UG_AG_CODE VARCHAR(50) NOT NULL
) CHARACTER SET ucs2 COLLATE ucs2_general_ci ENGINE=InnoDB
		</sql><sql>
ALTER TABLE USER_GROUP ADD CONSTRAINT PUG_IX1 PRIMARY KEY (UG_AU_CODE,UG_AG_CODE)
			</sql><sql>
CREATE UNIQUE INDEX UUG_IX1 ON USER_GROUP(UG_AU_CODE,UG_AG_CODE)
			</sql><sql>
ALTER TABLE USER_GROUP ADD CONSTRAINT FUG_FK1 FOREIGN KEY (UG_AU_CODE) REFERENCES ACCESS_USER(AU_CODE)
			</sql><sql>
CREATE INDEX IUG_FK1 ON USER_GROUP(UG_AU_CODE)
			</sql><sql>
ALTER TABLE USER_GROUP ADD CONSTRAINT FUG_FK2 FOREIGN KEY (UG_AG_CODE) REFERENCES ACCESS_GROUP(AG_CODE)
			</sql><sql>
CREATE INDEX IUG_FK2 ON USER_GROUP(UG_AG_CODE)
			</sql><sql>
CREATE TABLE ACL_ROLE (
		ACLR_ID BIGINT PRIMARY KEY NOT NULL AUTO_INCREMENT,
		ACLR_CODE VARCHAR(50) NOT NULL,
		ACLR_ACL_CODE VARCHAR(50) NOT NULL
) CHARACTER SET ucs2 COLLATE ucs2_general_ci ENGINE=InnoDB
		</sql><sql>
ALTER TABLE ACL_ROLE ADD CONSTRAINT FACLR_FK1 FOREIGN KEY (ACLR_ACL_CODE) REFERENCES ACCESS_CONTROL_LIST(ACL_CODE)
			</sql><sql>
CREATE INDEX IACLR_FK1 ON ACL_ROLE(ACLR_ACL_CODE)
			</sql><sql>
CREATE TABLE ACL_ROLE_L (
		ACLRL_ACLR_ID BIGINT NOT NULL,
		ACLRL_LANGUAGE CHAR(2) NOT NULL,
		ACLRL_LABEL VARCHAR(50) NULL,
		ACLRL_DESCRIPTION VARCHAR(254) NULL
) CHARACTER SET ucs2 COLLATE ucs2_general_ci ENGINE=InnoDB
		</sql><sql>
ALTER TABLE ACL_ROLE_L ADD CONSTRAINT PACLRL_PK PRIMARY KEY (ACLRL_ACLR_ID,ACLRL_LANGUAGE)
			</sql><sql>
CREATE UNIQUE INDEX UACLRL_PK ON ACL_ROLE_L(ACLRL_ACLR_ID,ACLRL_LANGUAGE)
			</sql><sql>
ALTER TABLE ACL_ROLE_L ADD CONSTRAINT FACLRL_FK1 FOREIGN KEY (ACLRL_ACLR_ID) REFERENCES ACL_ROLE(ACLR_ID)
			</sql><sql>
CREATE INDEX IACLRL_FK1 ON ACL_ROLE_L(ACLRL_ACLR_ID)
			</sql><sql>
CREATE TABLE ACL_INSTANCE (
		ACLI_ID BIGINT PRIMARY KEY NOT NULL AUTO_INCREMENT,
		ACLI_ACL_CODE VARCHAR(50) NOT NULL
) CHARACTER SET ucs2 COLLATE ucs2_general_ci ENGINE=InnoDB
		</sql><sql>
ALTER TABLE ACL_INSTANCE ADD CONSTRAINT FACLI_FK1 FOREIGN KEY (ACLI_ACL_CODE) REFERENCES ACCESS_CONTROL_LIST(ACL_CODE)
			</sql><sql>
CREATE INDEX IACLI_FK1 ON ACL_INSTANCE(ACLI_ACL_CODE)
			</sql><sql>
CREATE TABLE ACL_ROLE_INSTANCE (
		ACLRI_ID BIGINT PRIMARY KEY NOT NULL AUTO_INCREMENT,
		ACLRI_ACLI_ID BIGINT NOT NULL,
		ACLRI_ACLR_ID BIGINT NOT NULL,
		ACLRI_AU_CODE VARCHAR(50) NULL,
		ACLRI_AG_CODE VARCHAR(50) NULL
) CHARACTER SET ucs2 COLLATE ucs2_general_ci ENGINE=InnoDB
		</sql><sql>
ALTER TABLE ACL_ROLE_INSTANCE ADD CONSTRAINT FACLRI_FK1 FOREIGN KEY (ACLRI_ACLI_ID) REFERENCES ACL_INSTANCE(ACLI_ID)
			</sql><sql>
CREATE INDEX IACLRI_FK1 ON ACL_ROLE_INSTANCE(ACLRI_ACLI_ID)
			</sql><sql>
ALTER TABLE ACL_ROLE_INSTANCE ADD CONSTRAINT FACLRI_FK2 FOREIGN KEY (ACLRI_ACLR_ID) REFERENCES ACL_ROLE(ACLR_ID)
			</sql><sql>
CREATE INDEX IACLRI_FK2 ON ACL_ROLE_INSTANCE(ACLRI_ACLR_ID)
			</sql><sql>
ALTER TABLE ACL_ROLE_INSTANCE ADD CONSTRAINT FACLRI_FK3 FOREIGN KEY (ACLRI_AU_CODE) REFERENCES ACCESS_USER(AU_CODE)
			</sql><sql>
CREATE INDEX IACLRI_FK3 ON ACL_ROLE_INSTANCE(ACLRI_AU_CODE)
			</sql><sql>
ALTER TABLE ACL_ROLE_INSTANCE ADD CONSTRAINT FACLRI_FK4 FOREIGN KEY (ACLRI_AG_CODE) REFERENCES ACCESS_GROUP(AG_CODE)
			</sql><sql>
CREATE INDEX IACLRI_FK4 ON ACL_ROLE_INSTANCE(ACLRI_AG_CODE)
			</sql><sql>
CREATE TABLE USER_PARAMETER_DEFINITION (
		UPD_CODE VARCHAR(50) NOT NULL,
		UPD_STATE VARCHAR(50) NOT NULL,
		UPD_AL_CODE VARCHAR(50) NULL,
		UPD_DEFAULT_VALUE VARCHAR(254) NULL
) CHARACTER SET ucs2 COLLATE ucs2_general_ci ENGINE=InnoDB
		</sql><sql>
ALTER TABLE USER_PARAMETER_DEFINITION ADD CONSTRAINT PUPD_IX1 PRIMARY KEY (UPD_CODE)
			</sql><sql>
CREATE UNIQUE INDEX UUPD_IX1 ON USER_PARAMETER_DEFINITION(UPD_CODE)
			</sql><sql>
ALTER TABLE USER_PARAMETER_DEFINITION ADD CONSTRAINT FUPD_FK1 FOREIGN KEY (UPD_AL_CODE) REFERENCES AUTHORITY_LIST(AL_CODE)
			</sql><sql>
CREATE INDEX IUPD_FK1 ON USER_PARAMETER_DEFINITION(UPD_AL_CODE)
			</sql><sql>
CREATE TABLE USER_PARAMETER_DEFINITION_L (
		UPDL_UPD_CODE VARCHAR(50) NOT NULL,
		UPDL_LANGUAGE CHAR(2) NOT NULL,
		UPDL_LABEL VARCHAR(50) NULL,
		UPDL_DESCRIPTION VARCHAR(254) NULL
) CHARACTER SET ucs2 COLLATE ucs2_general_ci ENGINE=InnoDB
		</sql><sql>
ALTER TABLE USER_PARAMETER_DEFINITION_L ADD CONSTRAINT PUPDL_IX1 PRIMARY KEY (UPDL_UPD_CODE,UPDL_LANGUAGE)
			</sql><sql>
CREATE UNIQUE INDEX UUPDL_IX1 ON USER_PARAMETER_DEFINITION_L(UPDL_UPD_CODE,UPDL_LANGUAGE)
			</sql><sql>
ALTER TABLE USER_PARAMETER_DEFINITION_L ADD CONSTRAINT FUPDL_FK1 FOREIGN KEY (UPDL_UPD_CODE) REFERENCES USER_PARAMETER_DEFINITION(UPD_CODE)
			</sql><sql>
CREATE INDEX IUPDL_FK1 ON USER_PARAMETER_DEFINITION_L(UPDL_UPD_CODE)
			</sql><sql>
CREATE TABLE USER_PARAMETER (
		UP_UPD_CODE VARCHAR(50) NOT NULL,
		UP_AU_CODE VARCHAR(50) NOT NULL,
		UP_VALUE VARCHAR(254) NULL
) CHARACTER SET ucs2 COLLATE ucs2_general_ci ENGINE=InnoDB
		</sql><sql>
ALTER TABLE USER_PARAMETER ADD CONSTRAINT PUP_PK PRIMARY KEY (UP_UPD_CODE,UP_AU_CODE)
			</sql><sql>
CREATE UNIQUE INDEX UUP_PK ON USER_PARAMETER(UP_UPD_CODE,UP_AU_CODE)
			</sql><sql>
ALTER TABLE USER_PARAMETER ADD CONSTRAINT FUP_FK1 FOREIGN KEY (UP_UPD_CODE) REFERENCES USER_PARAMETER_DEFINITION(UPD_CODE)
			</sql><sql>
CREATE INDEX IUP_FK1 ON USER_PARAMETER(UP_UPD_CODE)
			</sql><sql>
ALTER TABLE USER_PARAMETER ADD CONSTRAINT FUP_FK2 FOREIGN KEY (UP_AU_CODE) REFERENCES ACCESS_USER(AU_CODE)
			</sql><sql>
CREATE INDEX IUP_FK2 ON USER_PARAMETER(UP_AU_CODE)
			</sql><sql>
CREATE TABLE AUTHORITY_LIST_EN (
		ALEN_AL_CODE VARCHAR(50) NOT NULL,
		ALEN_ALE_CODE VARCHAR(50) NOT NULL,
		ALEN_AU_CODE VARCHAR(50) NULL,
		ALEN_AG_CODE VARCHAR(50) NULL
) CHARACTER SET ucs2 COLLATE ucs2_general_ci ENGINE=InnoDB
		</sql><sql>
ALTER TABLE AUTHORITY_LIST_EN ADD CONSTRAINT FALEN_FK1 FOREIGN KEY (ALEN_AL_CODE, ALEN_ALE_CODE) REFERENCES AUTHORITY_LIST_ENTRY(ALE_AL_CODE,ALE_CODE)
			</sql><sql>
CREATE INDEX IALEN_FK1 ON AUTHORITY_LIST_EN(ALEN_AL_CODE, ALEN_ALE_CODE)
			</sql><sql>
ALTER TABLE AUTHORITY_LIST_EN ADD CONSTRAINT FALEN_FK2 FOREIGN KEY (ALEN_AU_CODE) REFERENCES ACCESS_USER(AU_CODE)
			</sql><sql>
CREATE INDEX IALEN_FK2 ON AUTHORITY_LIST_EN(ALEN_AU_CODE)
			</sql><sql>
ALTER TABLE AUTHORITY_LIST_EN ADD CONSTRAINT FALEN_FK3 FOREIGN KEY (ALEN_AG_CODE) REFERENCES ACCESS_GROUP(AG_CODE)
			</sql><sql>
CREATE INDEX IALEN_FK3 ON AUTHORITY_LIST_EN(ALEN_AG_CODE)
			</sql><sql>
CREATE TABLE THESAURUS (
		TH_CODE VARCHAR(50) NOT NULL,
		TH_AUTOID CHAR(1) NOT NULL,
		TH_STATE VARCHAR(50) NOT NULL,
		TH_CREATEDATE TIMESTAMP NOT NULL,
		TH_UPDATEDATE TIMESTAMP NOT NULL
) CHARACTER SET ucs2 COLLATE ucs2_general_ci ENGINE=InnoDB
		</sql><sql>
ALTER TABLE THESAURUS ADD CONSTRAINT PTH_PK PRIMARY KEY (TH_CODE)
			</sql><sql>
CREATE UNIQUE INDEX UTH_PK ON THESAURUS(TH_CODE)
			</sql><sql>
CREATE TABLE THESAURUS_L (
		THL_TH_CODE VARCHAR(50) NOT NULL,
		THL_LANGUAGE CHAR(2) NOT NULL,
		THL_LABEL VARCHAR(50) NULL,
		THL_DESCRIPTION VARCHAR(254) NULL
) CHARACTER SET ucs2 COLLATE ucs2_general_ci ENGINE=InnoDB
		</sql><sql>
ALTER TABLE THESAURUS_L ADD CONSTRAINT PTHL_PK PRIMARY KEY (THL_TH_CODE,THL_LANGUAGE)
			</sql><sql>
CREATE UNIQUE INDEX UTHL_PK ON THESAURUS_L(THL_TH_CODE,THL_LANGUAGE)
			</sql><sql>
ALTER TABLE THESAURUS_L ADD CONSTRAINT FTHL_FK1 FOREIGN KEY (THL_TH_CODE) REFERENCES THESAURUS(TH_CODE)
			</sql><sql>
CREATE INDEX ITHL_FK1 ON THESAURUS_L(THL_TH_CODE)
			</sql><sql>
CREATE TABLE THESAURUS_MICROTHESAURUS (
		THMT_ID BIGINT PRIMARY KEY NOT NULL AUTO_INCREMENT,
		THMT_TH_CODE VARCHAR(50) NOT NULL,
		THMT_CODE VARCHAR(50) NOT NULL,
		THMT_STATE CHAR(1) NOT NULL
) CHARACTER SET ucs2 COLLATE ucs2_general_ci ENGINE=InnoDB
		</sql><sql>
ALTER TABLE THESAURUS_MICROTHESAURUS ADD CONSTRAINT FTHMT_FK1 FOREIGN KEY (THMT_TH_CODE) REFERENCES THESAURUS(TH_CODE)
			</sql><sql>
CREATE INDEX ITHMT_FK1 ON THESAURUS_MICROTHESAURUS(THMT_TH_CODE)
			</sql><sql>
CREATE UNIQUE INDEX UTHMT_IX1 ON THESAURUS_MICROTHESAURUS(THMT_TH_CODE,THMT_CODE)
				</sql><sql>
CREATE TABLE THESAURUS_MICROTHESAURUS_L (
		THMTL_THMT_ID BIGINT NOT NULL,
		THMTL_LANGUAGE CHAR(2) NOT NULL,
		THMTL_LABEL VARCHAR(50) NULL,
		THMTL_DESCRIPTION VARCHAR(254) NULL
) CHARACTER SET ucs2 COLLATE ucs2_general_ci ENGINE=InnoDB
		</sql><sql>
ALTER TABLE THESAURUS_MICROTHESAURUS_L ADD CONSTRAINT PTHMTL_PK PRIMARY KEY (THMTL_THMT_ID,THMTL_LANGUAGE)
			</sql><sql>
CREATE UNIQUE INDEX UTHMTL_PK ON THESAURUS_MICROTHESAURUS_L(THMTL_THMT_ID,THMTL_LANGUAGE)
			</sql><sql>
ALTER TABLE THESAURUS_MICROTHESAURUS_L ADD CONSTRAINT FTHMTL_FK1 FOREIGN KEY (THMTL_THMT_ID) REFERENCES THESAURUS_MICROTHESAURUS(THMT_ID)
			</sql><sql>
CREATE INDEX ITHMTL_FK1 ON THESAURUS_MICROTHESAURUS_L(THMTL_THMT_ID)
			</sql><sql>
CREATE TABLE THESAURUS_LINKTYPE (
		THLT_ID BIGINT PRIMARY KEY NOT NULL AUTO_INCREMENT,
		THLT_TH_CODE VARCHAR(50) NOT NULL,
		THLT_CODE VARCHAR(50) NOT NULL,
		THLT_STATE CHAR(1) NOT NULL,
		THLT_KIND CHAR(1) NOT NULL
) CHARACTER SET ucs2 COLLATE ucs2_general_ci ENGINE=InnoDB
		</sql><sql>
ALTER TABLE THESAURUS_LINKTYPE ADD CONSTRAINT FTHLT_FK1 FOREIGN KEY (THLT_TH_CODE) REFERENCES THESAURUS(TH_CODE)
			</sql><sql>
CREATE INDEX ITHLT_FK1 ON THESAURUS_LINKTYPE(THLT_TH_CODE)
			</sql><sql>
CREATE UNIQUE INDEX UTHLT_IX1 ON THESAURUS_LINKTYPE(THLT_TH_CODE,THLT_CODE)
				</sql><sql>
CREATE TABLE THESAURUS_LINKTYPE_L (
		THLTL_THLT_ID BIGINT NOT NULL,
		THLTL_LANGUAGE CHAR(2) NOT NULL,
		THLTL_LABEL VARCHAR(50) NULL,
		THLTL_DESCRIPTION VARCHAR(254) NULL,
		THLTL_INVERSE_LABEL VARCHAR(50) NULL,
		THLTL_INVERSE_DESCRIPTION VARCHAR(254) NULL
) CHARACTER SET ucs2 COLLATE ucs2_general_ci ENGINE=InnoDB
		</sql><sql>
ALTER TABLE THESAURUS_LINKTYPE_L ADD CONSTRAINT PTHLTL_PK PRIMARY KEY (THLTL_THLT_ID,THLTL_LANGUAGE)
			</sql><sql>
CREATE UNIQUE INDEX UTHLTL_PK ON THESAURUS_LINKTYPE_L(THLTL_THLT_ID,THLTL_LANGUAGE)
			</sql><sql>
ALTER TABLE THESAURUS_LINKTYPE_L ADD CONSTRAINT FTHLTL_FK1 FOREIGN KEY (THLTL_THLT_ID) REFERENCES THESAURUS_LINKTYPE(THLT_ID)
			</sql><sql>
CREATE INDEX ITHLTL_FK1 ON THESAURUS_LINKTYPE_L(THLTL_THLT_ID)
			</sql><sql>
CREATE TABLE THESAURUS_CONCEPT_TYPE (
		THCT_ID BIGINT PRIMARY KEY NOT NULL AUTO_INCREMENT,
		THCT_TH_CODE VARCHAR(50) NOT NULL,
		THCT_CODE VARCHAR(50) NOT NULL,
		THCT_STATE CHAR(1) NOT NULL
) CHARACTER SET ucs2 COLLATE ucs2_general_ci ENGINE=InnoDB
		</sql><sql>
ALTER TABLE THESAURUS_CONCEPT_TYPE ADD CONSTRAINT FTHCT_FK1 FOREIGN KEY (THCT_TH_CODE) REFERENCES THESAURUS(TH_CODE)
			</sql><sql>
CREATE INDEX ITHCT_FK1 ON THESAURUS_CONCEPT_TYPE(THCT_TH_CODE)
			</sql><sql>
CREATE UNIQUE INDEX UTHCT_IX1 ON THESAURUS_CONCEPT_TYPE(THCT_TH_CODE,THCT_CODE)
				</sql><sql>
CREATE TABLE THESAURUS_CONCEPT_TYPE_L (
		THCTL_THCT_ID BIGINT NOT NULL,
		THCTL_LANGUAGE CHAR(2) NOT NULL,
		THCTL_LABEL VARCHAR(50) NULL,
		THCTL_DESCRIPTION VARCHAR(254) NULL
) CHARACTER SET ucs2 COLLATE ucs2_general_ci ENGINE=InnoDB
		</sql><sql>
ALTER TABLE THESAURUS_CONCEPT_TYPE_L ADD CONSTRAINT PTHCTL_PK PRIMARY KEY (THCTL_THCT_ID,THCTL_LANGUAGE)
			</sql><sql>
CREATE UNIQUE INDEX UTHCTL_PK ON THESAURUS_CONCEPT_TYPE_L(THCTL_THCT_ID,THCTL_LANGUAGE)
			</sql><sql>
ALTER TABLE THESAURUS_CONCEPT_TYPE_L ADD CONSTRAINT FTHCTL_FK1 FOREIGN KEY (THCTL_THCT_ID) REFERENCES THESAURUS_CONCEPT_TYPE(THCT_ID)
			</sql><sql>
CREATE INDEX ITHCTL_FK1 ON THESAURUS_CONCEPT_TYPE_L(THCTL_THCT_ID)
			</sql><sql>
CREATE TABLE THESAURUS_CONCEPT (
		THC_ID BIGINT PRIMARY KEY NOT NULL AUTO_INCREMENT,
		THC_TH_CODE VARCHAR(50) NOT NULL,
		THC_CODE VARCHAR(50) NOT NULL,
		THC_MICROTHESAURUS BIGINT NULL,
		THC_TYPE BIGINT NULL,
		THC_STATE CHAR(1) NOT NULL,
		THC_INTERNAL_NOTE LONGTEXT NULL
) CHARACTER SET ucs2 COLLATE ucs2_general_ci ENGINE=InnoDB
		</sql><sql>
ALTER TABLE THESAURUS_CONCEPT ADD CONSTRAINT FTHC_FK1 FOREIGN KEY (THC_TH_CODE) REFERENCES THESAURUS(TH_CODE)
			</sql><sql>
CREATE INDEX ITHC_FK1 ON THESAURUS_CONCEPT(THC_TH_CODE)
			</sql><sql>
ALTER TABLE THESAURUS_CONCEPT ADD CONSTRAINT FTHC_FK2 FOREIGN KEY (THC_MICROTHESAURUS) REFERENCES THESAURUS_MICROTHESAURUS(THMT_ID)
			</sql><sql>
CREATE INDEX ITHC_FK2 ON THESAURUS_CONCEPT(THC_MICROTHESAURUS)
			</sql><sql>
ALTER TABLE THESAURUS_CONCEPT ADD CONSTRAINT FTHC_FK3 FOREIGN KEY (THC_TYPE) REFERENCES THESAURUS_CONCEPT_TYPE(THCT_ID)
			</sql><sql>
CREATE INDEX ITHC_FK3 ON THESAURUS_CONCEPT(THC_TYPE)
			</sql><sql>
CREATE UNIQUE INDEX UTHC_IX1 ON THESAURUS_CONCEPT(THC_TH_CODE,THC_CODE)
				</sql><sql>
CREATE TABLE THESAURUS_CONCEPT_L (
		THCL_THC_ID BIGINT NOT NULL,
		THCL_LANGUAGE CHAR(2) NOT NULL,
		THCL_LABEL VARCHAR(254) NULL,
		THCL_DESCRIPTION VARCHAR(254) NULL
) CHARACTER SET ucs2 COLLATE ucs2_general_ci ENGINE=InnoDB
		</sql><sql>
ALTER TABLE THESAURUS_CONCEPT_L ADD CONSTRAINT PTHCL_PK PRIMARY KEY (THCL_THC_ID,THCL_LANGUAGE)
			</sql><sql>
CREATE UNIQUE INDEX UTHCL_PK ON THESAURUS_CONCEPT_L(THCL_THC_ID,THCL_LANGUAGE)
			</sql><sql>
ALTER TABLE THESAURUS_CONCEPT_L ADD CONSTRAINT FTHCL_FK1 FOREIGN KEY (THCL_THC_ID) REFERENCES THESAURUS_CONCEPT(THC_ID)
			</sql><sql>
CREATE INDEX ITHCL_FK1 ON THESAURUS_CONCEPT_L(THCL_THC_ID)
			</sql><sql>
CREATE TABLE THESAURUS_SYNONYMS (
		THS_THC_ID BIGINT NOT NULL,
		THS_LANGUAGE CHAR(2) NOT NULL,
		THS_LABEL VARCHAR(254) NOT NULL
) CHARACTER SET ucs2 COLLATE ucs2_general_ci ENGINE=InnoDB
		</sql><sql>
ALTER TABLE THESAURUS_SYNONYMS ADD CONSTRAINT FTHS_FK1 FOREIGN KEY (THS_THC_ID) REFERENCES THESAURUS_CONCEPT(THC_ID)
			</sql><sql>
CREATE INDEX ITHS_FK1 ON THESAURUS_SYNONYMS(THS_THC_ID)
			</sql><sql>
CREATE TABLE THESAURUS_LINKS (
		THLNK_TYPE BIGINT NOT NULL,
		THLNK_SOURCE BIGINT NOT NULL,
		THLNK_TARGET BIGINT NOT NULL,
		THLNK_TH_CODE VARCHAR(50) NOT NULL
) CHARACTER SET ucs2 COLLATE ucs2_general_ci ENGINE=InnoDB
		</sql><sql>
ALTER TABLE THESAURUS_LINKS ADD CONSTRAINT PTHLNK_PK PRIMARY KEY (THLNK_TYPE,THLNK_SOURCE,THLNK_TARGET)
			</sql><sql>
CREATE UNIQUE INDEX UTHLNK_PK ON THESAURUS_LINKS(THLNK_TYPE,THLNK_SOURCE,THLNK_TARGET)
			</sql><sql>
ALTER TABLE THESAURUS_LINKS ADD CONSTRAINT FTHLNK_FK1 FOREIGN KEY (THLNK_TYPE) REFERENCES THESAURUS_LINKTYPE(THLT_ID)
			</sql><sql>
CREATE INDEX ITHLNK_FK1 ON THESAURUS_LINKS(THLNK_TYPE)
			</sql><sql>
ALTER TABLE THESAURUS_LINKS ADD CONSTRAINT FTHLNK_FK2 FOREIGN KEY (THLNK_SOURCE) REFERENCES THESAURUS_CONCEPT(THC_ID)
			</sql><sql>
CREATE INDEX ITHLNK_FK2 ON THESAURUS_LINKS(THLNK_SOURCE)
			</sql><sql>
ALTER TABLE THESAURUS_LINKS ADD CONSTRAINT FTHLNK_FK3 FOREIGN KEY (THLNK_TARGET) REFERENCES THESAURUS_CONCEPT(THC_ID)
			</sql><sql>
CREATE INDEX ITHLNK_FK3 ON THESAURUS_LINKS(THLNK_TARGET)
			</sql><sql>
ALTER TABLE THESAURUS_LINKS ADD CONSTRAINT FTHLNK_FK4 FOREIGN KEY (THLNK_TH_CODE) REFERENCES THESAURUS(TH_CODE)
			</sql><sql>
CREATE INDEX ITHLNK_FK4 ON THESAURUS_LINKS(THLNK_TH_CODE)
			</sql><sql>
CREATE TABLE THESAURUS_A_LINKS (
		THALNK_THC_ID BIGINT NOT NULL,
		THALNK_ATHC_ID BIGINT NOT NULL
) CHARACTER SET ucs2 COLLATE ucs2_general_ci ENGINE=InnoDB
		</sql><sql>
ALTER TABLE THESAURUS_A_LINKS ADD CONSTRAINT PPTHALNK_PK PRIMARY KEY (THALNK_THC_ID,THALNK_ATHC_ID)
			</sql><sql>
CREATE UNIQUE INDEX UPTHALNK_PK ON THESAURUS_A_LINKS(THALNK_THC_ID,THALNK_ATHC_ID)
			</sql><sql>
ALTER TABLE THESAURUS_A_LINKS ADD CONSTRAINT FFTHALNK_FK1 FOREIGN KEY (THALNK_THC_ID) REFERENCES THESAURUS_CONCEPT(THC_ID)
			</sql><sql>
CREATE INDEX IFTHALNK_FK1 ON THESAURUS_A_LINKS(THALNK_THC_ID)
			</sql><sql>
ALTER TABLE THESAURUS_A_LINKS ADD CONSTRAINT FFTHALNK_FK2 FOREIGN KEY (THALNK_ATHC_ID) REFERENCES THESAURUS_CONCEPT(THC_ID)
			</sql><sql>
CREATE INDEX IFTHALNK_FK2 ON THESAURUS_A_LINKS(THALNK_ATHC_ID)
			</sql><sql>
CREATE TABLE THESAURUS_CN (
		THCN_THC_ID BIGINT NOT NULL,
		THCN_AU_CODE VARCHAR(50) NULL,
		THCN_AG_CODE VARCHAR(50) NULL,
		THCN_BT CHAR(1) NOT NULL,
		THCN_NT CHAR(1) NOT NULL
) CHARACTER SET ucs2 COLLATE ucs2_general_ci ENGINE=InnoDB
		</sql><sql>
ALTER TABLE THESAURUS_CN ADD CONSTRAINT FFTHCN_FK1 FOREIGN KEY (THCN_THC_ID) REFERENCES THESAURUS_CONCEPT(THC_ID)
			</sql><sql>
CREATE INDEX IFTHCN_FK1 ON THESAURUS_CN(THCN_THC_ID)
			</sql><sql>
ALTER TABLE THESAURUS_CN ADD CONSTRAINT FFTHCN_FK2 FOREIGN KEY (THCN_AU_CODE) REFERENCES ACCESS_USER(AU_CODE)
			</sql><sql>
CREATE INDEX IFTHCN_FK2 ON THESAURUS_CN(THCN_AU_CODE)
			</sql><sql>
ALTER TABLE THESAURUS_CN ADD CONSTRAINT FFTHCN_FK3 FOREIGN KEY (THCN_AG_CODE) REFERENCES ACCESS_GROUP(AG_CODE)
			</sql><sql>
CREATE INDEX IFTHCN_FK3 ON THESAURUS_CN(THCN_AG_CODE)
			</sql><sql>
CREATE TABLE INDEXATION_MODEL (
		IM_CODE VARCHAR(50) NOT NULL,
		IM_STATE VARCHAR(50) NOT NULL,
		IM_CATEGORY CHAR(3) NOT NULL,
		IM_UNIVALUED_TABLE VARCHAR(50) NULL,
		IM_MULTIVALUED_TABLE VARCHAR(50) NULL,
		IM_SCRIPTING_PATH VARCHAR(254) NULL,
		IM_MANAGED CHAR(1) NOT NULL
) CHARACTER SET ucs2 COLLATE ucs2_general_ci ENGINE=InnoDB
		</sql><sql>
ALTER TABLE INDEXATION_MODEL ADD CONSTRAINT PIM_PK PRIMARY KEY (IM_CODE)
			</sql><sql>
CREATE UNIQUE INDEX UIM_PK ON INDEXATION_MODEL(IM_CODE)
			</sql><sql>
CREATE TABLE INDEXATION_MODEL_L (
		IML_IM_CODE VARCHAR(50) NOT NULL,
		IML_LANGUAGE CHAR(2) NOT NULL,
		IML_LABEL VARCHAR(50) NULL,
		IML_DESCRIPTION VARCHAR(254) NULL
) CHARACTER SET ucs2 COLLATE ucs2_general_ci ENGINE=InnoDB
		</sql><sql>
ALTER TABLE INDEXATION_MODEL_L ADD CONSTRAINT PIML_PK PRIMARY KEY (IML_IM_CODE,IML_LANGUAGE)
			</sql><sql>
CREATE UNIQUE INDEX UIML_PK ON INDEXATION_MODEL_L(IML_IM_CODE,IML_LANGUAGE)
			</sql><sql>
ALTER TABLE INDEXATION_MODEL_L ADD CONSTRAINT FIML_FK1 FOREIGN KEY (IML_IM_CODE) REFERENCES INDEXATION_MODEL(IM_CODE)
			</sql><sql>
CREATE INDEX IIML_FK1 ON INDEXATION_MODEL_L(IML_IM_CODE)
			</sql><sql>
CREATE TABLE INDEXATION_MODEL_GROUP (
		IMG_CODE VARCHAR(50) NOT NULL,
		IMG_IM_CODE VARCHAR(50) NOT NULL,
		IMG_HIDDEN CHAR(1) NOT NULL,
		IMG_DISPLAY_MODE CHAR(1) NOT NULL,
		IMG_ORDER INTEGER NOT NULL,
		IMG_MINCARD INTEGER NOT NULL,
		IMG_MAXCARD INTEGER NOT NULL
) CHARACTER SET ucs2 COLLATE ucs2_general_ci ENGINE=InnoDB
		</sql><sql>
ALTER TABLE INDEXATION_MODEL_GROUP ADD CONSTRAINT PIMG_PK PRIMARY KEY (IMG_CODE)
			</sql><sql>
CREATE UNIQUE INDEX UIMG_PK ON INDEXATION_MODEL_GROUP(IMG_CODE)
			</sql><sql>
ALTER TABLE INDEXATION_MODEL_GROUP ADD CONSTRAINT FIMG_FK1 FOREIGN KEY (IMG_IM_CODE) REFERENCES INDEXATION_MODEL(IM_CODE)
			</sql><sql>
CREATE INDEX IIMG_FK1 ON INDEXATION_MODEL_GROUP(IMG_IM_CODE)
			</sql><sql>
CREATE TABLE INDEXATION_MODEL_GROUP_L (
		IMGL_IMG_CODE VARCHAR(50) NOT NULL,
		IMGL_LANGUAGE CHAR(2) NOT NULL,
		IMGL_LABEL VARCHAR(50) NULL,
		IMGL_DESCRIPTION VARCHAR(254) NULL
) CHARACTER SET ucs2 COLLATE ucs2_general_ci ENGINE=InnoDB
		</sql><sql>
ALTER TABLE INDEXATION_MODEL_GROUP_L ADD CONSTRAINT PIMGL_PK PRIMARY KEY (IMGL_IMG_CODE,IMGL_LANGUAGE)
			</sql><sql>
CREATE UNIQUE INDEX UIMGL_PK ON INDEXATION_MODEL_GROUP_L(IMGL_IMG_CODE,IMGL_LANGUAGE)
			</sql><sql>
ALTER TABLE INDEXATION_MODEL_GROUP_L ADD CONSTRAINT FIMGL_FK1 FOREIGN KEY (IMGL_IMG_CODE) REFERENCES INDEXATION_MODEL_GROUP(IMG_CODE)
			</sql><sql>
CREATE INDEX IIMGL_FK1 ON INDEXATION_MODEL_GROUP_L(IMGL_IMG_CODE)
			</sql><sql>
CREATE TABLE INDEXATION_MODEL_FIELD (
		IMF_CODE VARCHAR(50) NOT NULL,
		IMF_IMG_CODE VARCHAR(50) NOT NULL,
		IMF_ORDER INTEGER NULL,
		IMF_COLUMN_NAME VARCHAR(50) NOT NULL,
		IMF_TYPE VARCHAR(10) NOT NULL,
		IMF_SIZE INTEGER NULL,
		IMF_AL_CODE VARCHAR(50) NULL,
		IMF_FILTER_IMF_CODE VARCHAR(50) NULL,
		IMF_TH_CODE VARCHAR(50) NULL,
		IMF_FILTER_THCT_ID BIGINT NULL,
		IMF_FILTER_THMT_ID BIGINT NULL,
		IMF_MINIMUM_CARDINALITY INTEGER NOT NULL,
		IMF_MAXIMUM_CARDINALITY INTEGER NOT NULL,
		IMF_CHANGE_MODE CHAR(1) NULL,
		IMF_HIDDEN CHAR(1) NULL,
		IMF_COMPARISON_MODE CHAR(2) NULL,
		IMF_SORTABLE CHAR(1) NULL,
		IMF_CAN_BE_QUERIED CHAR(1) NULL,
		IMF_FULLTEXT CHAR(1) NULL,
		IMF_DEFAULT_VALUE VARCHAR(254) NULL,
		IMF_UI_CONTROL VARCHAR(10) NULL,
		IMF_MINIMUM INTEGER NULL,
		IMF_MAXIMUM INTEGER NULL,
		IMF_REGEXP VARCHAR(254) NULL,
		IMF_INDEXED CHAR(1) NULL,
		IMF_UNIQUE CHAR(1) NULL,
		IMF_DISPLAY VARCHAR(3) NOT NULL,
		IMF_MATCH VARCHAR(3) NOT NULL,
		IMF_GROUPABLE CHAR(1) NOT NULL,
		IMF_TRIG_U CHAR(1) NOT NULL
) CHARACTER SET ucs2 COLLATE ucs2_general_ci ENGINE=InnoDB
		</sql><sql>
ALTER TABLE INDEXATION_MODEL_FIELD ADD CONSTRAINT PIMF_PK PRIMARY KEY (IMF_CODE)
			</sql><sql>
CREATE UNIQUE INDEX UIMF_PK ON INDEXATION_MODEL_FIELD(IMF_CODE)
			</sql><sql>
ALTER TABLE INDEXATION_MODEL_FIELD ADD CONSTRAINT FIMF_FK1 FOREIGN KEY (IMF_IMG_CODE) REFERENCES INDEXATION_MODEL_GROUP(IMG_CODE)
			</sql><sql>
CREATE INDEX IIMF_FK1 ON INDEXATION_MODEL_FIELD(IMF_IMG_CODE)
			</sql><sql>
ALTER TABLE INDEXATION_MODEL_FIELD ADD CONSTRAINT FIMF_FK2 FOREIGN KEY (IMF_AL_CODE) REFERENCES AUTHORITY_LIST(AL_CODE)
			</sql><sql>
CREATE INDEX IIMF_FK2 ON INDEXATION_MODEL_FIELD(IMF_AL_CODE)
			</sql><sql>
ALTER TABLE INDEXATION_MODEL_FIELD ADD CONSTRAINT FIMF_FK3 FOREIGN KEY (IMF_TH_CODE) REFERENCES THESAURUS(TH_CODE)
			</sql><sql>
CREATE INDEX IIMF_FK3 ON INDEXATION_MODEL_FIELD(IMF_TH_CODE)
			</sql><sql>
ALTER TABLE INDEXATION_MODEL_FIELD ADD CONSTRAINT FIMF_FK4 FOREIGN KEY (IMF_FILTER_THCT_ID) REFERENCES THESAURUS_CONCEPT_TYPE(THCT_ID)
			</sql><sql>
CREATE INDEX IIMF_FK4 ON INDEXATION_MODEL_FIELD(IMF_FILTER_THCT_ID)
			</sql><sql>
ALTER TABLE INDEXATION_MODEL_FIELD ADD CONSTRAINT FIMF_FK5 FOREIGN KEY (IMF_FILTER_THMT_ID) REFERENCES THESAURUS_MICROTHESAURUS(THMT_ID)
			</sql><sql>
CREATE INDEX IIMF_FK5 ON INDEXATION_MODEL_FIELD(IMF_FILTER_THMT_ID)
			</sql><sql>
CREATE TABLE INDEXATION_MODEL_FIELD_L (
		IMFL_IMF_CODE VARCHAR(50) NOT NULL,
		IMFL_LANGUAGE CHAR(2) NOT NULL,
		IMFL_LABEL VARCHAR(50) NULL,
		IMFL_DESCRIPTION VARCHAR(254) NULL
) CHARACTER SET ucs2 COLLATE ucs2_general_ci ENGINE=InnoDB
		</sql><sql>
ALTER TABLE INDEXATION_MODEL_FIELD_L ADD CONSTRAINT PIMFL_PK PRIMARY KEY (IMFL_IMF_CODE,IMFL_LANGUAGE)
			</sql><sql>
CREATE UNIQUE INDEX UIMFL_PK ON INDEXATION_MODEL_FIELD_L(IMFL_IMF_CODE,IMFL_LANGUAGE)
			</sql><sql>
ALTER TABLE INDEXATION_MODEL_FIELD_L ADD CONSTRAINT FIMFL_FK1 FOREIGN KEY (IMFL_IMF_CODE) REFERENCES INDEXATION_MODEL_FIELD(IMF_CODE)
			</sql><sql>
CREATE INDEX IIMFL_FK1 ON INDEXATION_MODEL_FIELD_L(IMFL_IMF_CODE)
			</sql><sql>
CREATE TABLE INDEXATION_MODEL_FIELD_AV (
		IMFAV_IMF_CODE VARCHAR(50) NOT NULL,
		IMFAV_VALUE VARCHAR(254) NOT NULL
) CHARACTER SET ucs2 COLLATE ucs2_general_ci ENGINE=InnoDB
		</sql><sql>
ALTER TABLE INDEXATION_MODEL_FIELD_AV ADD CONSTRAINT FIMFAV_FK1 FOREIGN KEY (IMFAV_IMF_CODE) REFERENCES INDEXATION_MODEL_FIELD(IMF_CODE)
			</sql><sql>
CREATE INDEX IIMFAV_FK1 ON INDEXATION_MODEL_FIELD_AV(IMFAV_IMF_CODE)
			</sql><sql>
CREATE TABLE DCOBJECT_CLASS (
		OC_CODE VARCHAR(50) NOT NULL,
		OC_STATE VARCHAR(50) NOT NULL,
		OC_IM_CODE VARCHAR(50) NULL,
		OC_DATE TIMESTAMP NOT NULL
) CHARACTER SET ucs2 COLLATE ucs2_general_ci ENGINE=InnoDB
		</sql><sql>
ALTER TABLE DCOBJECT_CLASS ADD CONSTRAINT POC_PK PRIMARY KEY (OC_CODE)
			</sql><sql>
CREATE UNIQUE INDEX UOC_PK ON DCOBJECT_CLASS(OC_CODE)
			</sql><sql>
ALTER TABLE DCOBJECT_CLASS ADD CONSTRAINT FOC_FK1 FOREIGN KEY (OC_IM_CODE) REFERENCES INDEXATION_MODEL(IM_CODE)
			</sql><sql>
CREATE INDEX IOC_FK1 ON DCOBJECT_CLASS(OC_IM_CODE)
			</sql><sql>
CREATE TABLE DCOBJECT_CLASS_L (
		OCL_OC_CODE VARCHAR(50) NOT NULL,
		OCL_LANGUAGE CHAR(2) NOT NULL,
		OCL_LABEL VARCHAR(50) NULL,
		OCL_DESCRIPTION VARCHAR(254) NULL
) CHARACTER SET ucs2 COLLATE ucs2_general_ci ENGINE=InnoDB
		</sql><sql>
ALTER TABLE DCOBJECT_CLASS_L ADD CONSTRAINT POCL_IX1 PRIMARY KEY (OCL_OC_CODE,OCL_LANGUAGE)
			</sql><sql>
CREATE UNIQUE INDEX UOCL_IX1 ON DCOBJECT_CLASS_L(OCL_OC_CODE,OCL_LANGUAGE)
			</sql><sql>
ALTER TABLE DCOBJECT_CLASS_L ADD CONSTRAINT FOCL_FK1 FOREIGN KEY (OCL_OC_CODE) REFERENCES DCOBJECT_CLASS(OC_CODE)
			</sql><sql>
CREATE INDEX IOCL_FK1 ON DCOBJECT_CLASS_L(OCL_OC_CODE)
			</sql><sql>
CREATE TABLE ACCESS_CLASS (
		AC_CODE VARCHAR(50) NOT NULL,
		AC_STATE VARCHAR(50) NOT NULL,
		AC_IM_CODE VARCHAR(50) NOT NULL,
		AC_CRDATE TIMESTAMP NOT NULL,
		AC_VIEW VARCHAR(50) NOT NULL,
		AC_FILTER LONGTEXT NULL
) CHARACTER SET ucs2 COLLATE ucs2_general_ci ENGINE=InnoDB
		</sql><sql>
ALTER TABLE ACCESS_CLASS ADD CONSTRAINT PACS_PK PRIMARY KEY (AC_CODE)
			</sql><sql>
CREATE UNIQUE INDEX UACS_PK ON ACCESS_CLASS(AC_CODE)
			</sql><sql>
ALTER TABLE ACCESS_CLASS ADD CONSTRAINT FACS_FK1 FOREIGN KEY (AC_IM_CODE) REFERENCES INDEXATION_MODEL(IM_CODE)
			</sql><sql>
CREATE INDEX IACS_FK1 ON ACCESS_CLASS(AC_IM_CODE)
			</sql><sql>
CREATE TABLE ACCESS_CLASS_L (
		ACL_AC_CODE VARCHAR(50) NOT NULL,
		ACL_LANGUAGE CHAR(2) NOT NULL,
		ACL_LABEL VARCHAR(50) NULL,
		ACL_DESCRIPTION VARCHAR(254) NULL
) CHARACTER SET ucs2 COLLATE ucs2_general_ci ENGINE=InnoDB
		</sql><sql>
ALTER TABLE ACCESS_CLASS_L ADD CONSTRAINT PACSL_PK PRIMARY KEY (ACL_AC_CODE,ACL_LANGUAGE)
			</sql><sql>
CREATE UNIQUE INDEX UACSL_PK ON ACCESS_CLASS_L(ACL_AC_CODE,ACL_LANGUAGE)
			</sql><sql>
ALTER TABLE ACCESS_CLASS_L ADD CONSTRAINT FACSL_FK1 FOREIGN KEY (ACL_AC_CODE) REFERENCES ACCESS_CLASS(AC_CODE)
			</sql><sql>
CREATE INDEX IACSL_FK1 ON ACCESS_CLASS_L(ACL_AC_CODE)
			</sql><sql>
CREATE TABLE USER_CLASS (
		UC_AU_CODE VARCHAR(50) NOT NULL,
		UC_AC_CODE VARCHAR(50) NOT NULL
) CHARACTER SET ucs2 COLLATE ucs2_general_ci ENGINE=InnoDB
		</sql><sql>
ALTER TABLE USER_CLASS ADD CONSTRAINT PUC_PK PRIMARY KEY (UC_AU_CODE,UC_AC_CODE)
			</sql><sql>
CREATE UNIQUE INDEX UUC_PK ON USER_CLASS(UC_AU_CODE,UC_AC_CODE)
			</sql><sql>
ALTER TABLE USER_CLASS ADD CONSTRAINT FUC_FK1 FOREIGN KEY (UC_AU_CODE) REFERENCES ACCESS_USER(AU_CODE)
			</sql><sql>
CREATE INDEX IUC_FK1 ON USER_CLASS(UC_AU_CODE)
			</sql><sql>
ALTER TABLE USER_CLASS ADD CONSTRAINT FUC_FK2 FOREIGN KEY (UC_AC_CODE) REFERENCES ACCESS_CLASS(AC_CODE)
			</sql><sql>
CREATE INDEX IUC_FK2 ON USER_CLASS(UC_AC_CODE)
			</sql><sql>
CREATE TABLE GROUP_CLASS (
		GC_AG_CODE VARCHAR(50) NOT NULL,
		GC_AC_CODE VARCHAR(50) NOT NULL
) CHARACTER SET ucs2 COLLATE ucs2_general_ci ENGINE=InnoDB
		</sql><sql>
ALTER TABLE GROUP_CLASS ADD CONSTRAINT PGC_PK PRIMARY KEY (GC_AG_CODE,GC_AC_CODE)
			</sql><sql>
CREATE UNIQUE INDEX UGC_PK ON GROUP_CLASS(GC_AG_CODE,GC_AC_CODE)
			</sql><sql>
ALTER TABLE GROUP_CLASS ADD CONSTRAINT FGC_FK1 FOREIGN KEY (GC_AG_CODE) REFERENCES ACCESS_GROUP(AG_CODE)
			</sql><sql>
CREATE INDEX IGC_FK1 ON GROUP_CLASS(GC_AG_CODE)
			</sql><sql>
ALTER TABLE GROUP_CLASS ADD CONSTRAINT FGC_FK2 FOREIGN KEY (GC_AC_CODE) REFERENCES ACCESS_CLASS(AC_CODE)
			</sql><sql>
CREATE INDEX IGC_FK2 ON GROUP_CLASS(GC_AC_CODE)
			</sql><sql>
CREATE TABLE RETENTION_DEFINITION (
		RD_ID BIGINT PRIMARY KEY NOT NULL AUTO_INCREMENT,
		RD_CODE VARCHAR(50) NOT NULL,
		RD_STATE VARCHAR(50) NOT NULL,
		RD_RETMIN INTEGER NOT NULL,
		RD_RETVER INTEGER NOT NULL,
		RD_ACTION CHAR(1) NOT NULL
) CHARACTER SET ucs2 COLLATE ucs2_general_ci ENGINE=InnoDB
		</sql><sql>
CREATE UNIQUE INDEX URD_IX1 ON RETENTION_DEFINITION(RD_CODE)
				</sql><sql>
CREATE TABLE RETENTION_DEFINITION_L (
		RDL_RD_ID BIGINT NOT NULL,
		RDL_LANGUAGE CHAR(2) NOT NULL,
		RDL_LABEL VARCHAR(50) NULL,
		RDL_DESCRIPTION VARCHAR(254) NULL
) CHARACTER SET ucs2 COLLATE ucs2_general_ci ENGINE=InnoDB
		</sql><sql>
ALTER TABLE RETENTION_DEFINITION_L ADD CONSTRAINT PRDL_PK PRIMARY KEY (RDL_RD_ID,RDL_LANGUAGE)
			</sql><sql>
CREATE UNIQUE INDEX URDL_PK ON RETENTION_DEFINITION_L(RDL_RD_ID,RDL_LANGUAGE)
			</sql><sql>
ALTER TABLE RETENTION_DEFINITION_L ADD CONSTRAINT FRDL_FK1 FOREIGN KEY (RDL_RD_ID) REFERENCES RETENTION_DEFINITION(RD_ID)
			</sql><sql>
CREATE INDEX IRDL_FK1 ON RETENTION_DEFINITION_L(RDL_RD_ID)
			</sql><sql>
CREATE TABLE OBJECT_TYPE (
		OT_CODE VARCHAR(50) NOT NULL,
		OT_STATE VARCHAR(50) NOT NULL,
		OT_OC_CODE VARCHAR(50) NOT NULL,
		OT_IM_CODE VARCHAR(50) NULL,
		OT_BC CHAR(1) NOT NULL,
		OT_BC_EVOLUTION CHAR(1) NOT NULL,
		OT_BC_REPLACE CHAR(1) NOT NULL,
		OT_BC_REPLACE_MODE CHAR(1) NOT NULL,
		OT_BC_LANGUAGE CHAR(1) NOT NULL,
		OT_BC_LANGUAGE_EVOLUTION CHAR(1) NOT NULL,
		OT_BC_MANDATORY CHAR(1) NOT NULL,
		OT_BC_TYPE VARCHAR(10) NOT NULL,
		OT_SIMULATE_UNIQUE CHAR(1) NOT NULL,
		OT_APPEARS_IN_TREEVIEWS CHAR(1) NOT NULL,
		OT_APPEARS_IN_LISTS CHAR(1) NOT NULL,
		OT_CAN_BE_RESERVED CHAR(1) NOT NULL,
		OT_CAN_BE_QUICKSEARCHED CHAR(1) NOT NULL,
		OT_CAN_BE_PUT_IN_WORKBASKET CHAR(1) NOT NULL,
		OT_CAN_CHANGE_ACL CHAR(1) NOT NULL,
		OT_CAN_HAVE_CROSSLINKS CHAR(1) NOT NULL,
		OT_CAN_ASK_NOTIFICATIONS CHAR(1) NOT NULL,
		OT_CAN_HAVE_NOTES CHAR(1) NOT NULL,
		OT_CAN_HAVE_TASKS CHAR(1) NOT NULL,
		OT_CAN_SEE_EVENTS CHAR(1) NOT NULL,
		OT_CAN_SAVE_QUERY_DATA CHAR(1) NOT NULL,
		OT_CAN_GENERATE_OVV CHAR(1) NOT NULL,
		OT_HAS_SHORTCUT_DATA CHAR(1) NOT NULL,
		OT_CONTENT_TO_DISPLAY CHAR(3) NOT NULL,
		OT_CHILDS_DISPLAY_MODE CHAR(3) NOT NULL,
		OT_GENERATE_CHILD_IN_OVERVIEW CHAR(1) NOT NULL,
		OT_CHILD_CUSTOM_ORDERED CHAR(1) NULL,
		OT_COMMENT_TEMPLATE VARCHAR(254) NULL,
		OT_SCRIPTING_PATH VARCHAR(254) NULL,
		OT_SCRIPTING_BC CHAR(1) NULL,
		OT_SCRIPTING_AC CHAR(1) NULL,
		OT_SCRIPTING_BU CHAR(1) NULL,
		OT_SCRIPTING_AU CHAR(1) NULL,
		OT_SCRIPTING_BM CHAR(1) NULL,
		OT_SCRIPTING_AM CHAR(1) NULL,
		OT_SCRIPTING_BD CHAR(1) NULL,
		OT_SCRIPTING_AD CHAR(1) NULL,
		OT_SCRIPTING_PC CHAR(1) NULL,
		OT_SCRIPTING_AQ CHAR(1) NULL,
		OT_SCRIPTING_DESCRIPTION CHAR(1) NULL,
		OT_SCRIPTING_DECORATION CHAR(1) NULL,
		OT_SCRIPTING_ACL CHAR(1) NULL,
		OT_SCRIPTING_RETDEF CHAR(1) NULL,
		OT_SCRIPTING_PARENT CHAR(1) NULL,
		OT_ICON VARCHAR(254) NOT NULL,
		OT_SHOW_ANCESTORS_INDEXES CHAR(1) NOT NULL,
		OT_DATE TIMESTAMP NOT NULL,
		OT_IS_ROOT CHAR(1) NOT NULL,
		OT_TREEVIEW_EXPANDALL CHAR(1) NOT NULL,
		OT_TREEVIEW_FOCUS CHAR(1) NOT NULL,
		OT_CAN_HAVE_RETENTION CHAR(1) NOT NULL,
		OT_RETENTION_CHOSEN CHAR(1) NOT NULL,
		OT_RD_ID BIGINT NULL,
		OT_LEVELS_TO_DEPLOY INTEGER NOT NULL
) CHARACTER SET ucs2 COLLATE ucs2_general_ci ENGINE=InnoDB
		</sql><sql>
ALTER TABLE OBJECT_TYPE ADD CONSTRAINT POT_PK PRIMARY KEY (OT_CODE)
			</sql><sql>
CREATE UNIQUE INDEX UOT_PK ON OBJECT_TYPE(OT_CODE)
			</sql><sql>
ALTER TABLE OBJECT_TYPE ADD CONSTRAINT FOT_FK1 FOREIGN KEY (OT_IM_CODE) REFERENCES INDEXATION_MODEL(IM_CODE)
			</sql><sql>
CREATE INDEX IOT_FK1 ON OBJECT_TYPE(OT_IM_CODE)
			</sql><sql>
ALTER TABLE OBJECT_TYPE ADD CONSTRAINT FOT_FK2 FOREIGN KEY (OT_OC_CODE) REFERENCES DCOBJECT_CLASS(OC_CODE)
			</sql><sql>
CREATE INDEX IOT_FK2 ON OBJECT_TYPE(OT_OC_CODE)
			</sql><sql>
ALTER TABLE OBJECT_TYPE ADD CONSTRAINT FOT_FK3 FOREIGN KEY (OT_RD_ID) REFERENCES RETENTION_DEFINITION(RD_ID)
			</sql><sql>
CREATE INDEX IOT_FK3 ON OBJECT_TYPE(OT_RD_ID)
			</sql><sql>
CREATE TABLE OBJECT_TYPE_L (
		OTL_OT_CODE VARCHAR(50) NOT NULL,
		OTL_LANGUAGE CHAR(2) NOT NULL,
		OTL_LABEL VARCHAR(50) NULL,
		OTL_DESCRIPTION VARCHAR(254) NULL
) CHARACTER SET ucs2 COLLATE ucs2_general_ci ENGINE=InnoDB
		</sql><sql>
ALTER TABLE OBJECT_TYPE_L ADD CONSTRAINT POTL_PK PRIMARY KEY (OTL_OT_CODE, OTL_LANGUAGE)
			</sql><sql>
CREATE UNIQUE INDEX UOTL_PK ON OBJECT_TYPE_L(OTL_OT_CODE, OTL_LANGUAGE)
			</sql><sql>
ALTER TABLE OBJECT_TYPE_L ADD CONSTRAINT FOTL_FK1 FOREIGN KEY (OTL_OT_CODE) REFERENCES OBJECT_TYPE(OT_CODE)
			</sql><sql>
CREATE INDEX IOTL_FK1 ON OBJECT_TYPE_L(OTL_OT_CODE)
			</sql><sql>
CREATE TABLE LINK_CATEGORY (
		LC_CODE VARCHAR(50) NOT NULL,
		LC_STATE VARCHAR(50) NOT NULL,
		LC_TREEVIEW CHAR(1) NOT NULL,
		LC_INVERSE_TREEVIEW CHAR(1) NOT NULL,
		LC_DIRECTIONAL CHAR(1) NOT NULL,
		LC_CONSTRAINTS_FREE CHAR(1) NOT NULL
) CHARACTER SET ucs2 COLLATE ucs2_general_ci ENGINE=InnoDB
		</sql><sql>
ALTER TABLE LINK_CATEGORY ADD CONSTRAINT PLC_PK PRIMARY KEY (LC_CODE)
			</sql><sql>
CREATE UNIQUE INDEX ULC_PK ON LINK_CATEGORY(LC_CODE)
			</sql><sql>
CREATE TABLE LINK_CATEGORY_L (
		LCL_LC_CODE VARCHAR(50) NOT NULL,
		LCL_LANGUAGE CHAR(2) NOT NULL,
		LCL_DESCRIPTION VARCHAR(254) NULL,
		LCL_INVERSE_DESCRIPTION VARCHAR(254) NULL
) CHARACTER SET ucs2 COLLATE ucs2_general_ci ENGINE=InnoDB
		</sql><sql>
ALTER TABLE LINK_CATEGORY_L ADD CONSTRAINT PLCL_PK PRIMARY KEY (LCL_LC_CODE,LCL_LANGUAGE)
			</sql><sql>
CREATE UNIQUE INDEX ULCL_PK ON LINK_CATEGORY_L(LCL_LC_CODE,LCL_LANGUAGE)
			</sql><sql>
ALTER TABLE LINK_CATEGORY_L ADD CONSTRAINT FLCL_FK1 FOREIGN KEY (LCL_LC_CODE) REFERENCES LINK_CATEGORY(LC_CODE)
			</sql><sql>
CREATE INDEX ILCL_FK1 ON LINK_CATEGORY_L(LCL_LC_CODE)
			</sql><sql>
CREATE TABLE LINK_CATEGORY_RULE (
		LCR_LC_CODE VARCHAR(50) NOT NULL,
		LCR_SRC_OT_CODE VARCHAR(50) NOT NULL,
		LCR_DST_OT_CODE VARCHAR(50) NOT NULL
) CHARACTER SET ucs2 COLLATE ucs2_general_ci ENGINE=InnoDB
		</sql><sql>
ALTER TABLE LINK_CATEGORY_RULE ADD CONSTRAINT FLCR_FK1 FOREIGN KEY (LCR_LC_CODE) REFERENCES LINK_CATEGORY(LC_CODE)
			</sql><sql>
CREATE INDEX ILCR_FK1 ON LINK_CATEGORY_RULE(LCR_LC_CODE)
			</sql><sql>
ALTER TABLE LINK_CATEGORY_RULE ADD CONSTRAINT FLCR_FK2 FOREIGN KEY (LCR_SRC_OT_CODE) REFERENCES OBJECT_TYPE(OT_CODE)
			</sql><sql>
CREATE INDEX ILCR_FK2 ON LINK_CATEGORY_RULE(LCR_SRC_OT_CODE)
			</sql><sql>
ALTER TABLE LINK_CATEGORY_RULE ADD CONSTRAINT FLCR_FK3 FOREIGN KEY (LCR_DST_OT_CODE) REFERENCES OBJECT_TYPE(OT_CODE)
			</sql><sql>
CREATE INDEX ILCR_FK3 ON LINK_CATEGORY_RULE(LCR_DST_OT_CODE)
			</sql><sql>
CREATE TABLE TASK_TYPE (
		TT_CODE VARCHAR(50) NOT NULL,
		TT_STATE VARCHAR(50) NOT NULL,
		TT_AU_CODE VARCHAR(50) NULL,
		TT_NEXT_OK VARCHAR(50) NULL,
		TT_NEXT_KO VARCHAR(50) NULL,
		TT_SCRIPTING_PATH VARCHAR(254) NULL,
		TT_SCRIPTING_BC CHAR(1) NULL,
		TT_SCRIPTING_AC CHAR(1) NULL,
		TT_SCRIPTING_BO CHAR(1) NULL,
		TT_SCRIPTING_AO CHAR(1) NULL,
		TT_SCRIPTING_BR CHAR(1) NULL,
		TT_SCRIPTING_AR CHAR(1) NULL,
		TT_SCRIPTING_BS CHAR(1) NULL,
		TT_SCRIPTING_AS CHAR(1) NULL,
		TT_SCRIPTING_BA CHAR(1) NULL,
		TT_SCRIPTING_AA CHAR(1) NULL,
		TT_SCRIPTING_BF CHAR(1) NULL,
		TT_SCRIPTING_AF CHAR(1) NULL,
		TT_SCRIPTING_PC CHAR(1) NULL
) CHARACTER SET ucs2 COLLATE ucs2_general_ci ENGINE=InnoDB
		</sql><sql>
ALTER TABLE TASK_TYPE ADD CONSTRAINT PTT_PK PRIMARY KEY (TT_CODE)
			</sql><sql>
CREATE UNIQUE INDEX UTT_PK ON TASK_TYPE(TT_CODE)
			</sql><sql>
ALTER TABLE TASK_TYPE ADD CONSTRAINT FTT_FK1 FOREIGN KEY (TT_AU_CODE) REFERENCES ACCESS_USER(AU_CODE)
			</sql><sql>
CREATE INDEX ITT_FK1 ON TASK_TYPE(TT_AU_CODE)
			</sql><sql>
ALTER TABLE TASK_TYPE ADD CONSTRAINT FTT_FK2 FOREIGN KEY (TT_NEXT_OK) REFERENCES TASK_TYPE(TT_CODE)
			</sql><sql>
CREATE INDEX ITT_FK2 ON TASK_TYPE(TT_NEXT_OK)
			</sql><sql>
ALTER TABLE TASK_TYPE ADD CONSTRAINT FTT_FK3 FOREIGN KEY (TT_NEXT_KO) REFERENCES TASK_TYPE(TT_CODE)
			</sql><sql>
CREATE INDEX ITT_FK3 ON TASK_TYPE(TT_NEXT_KO)
			</sql><sql>
CREATE TABLE TASK_TYPE_L (
		TTL_TT_CODE VARCHAR(50) NOT NULL,
		TTL_LANGUAGE CHAR(2) NOT NULL,
		TTL_LABEL VARCHAR(50) NULL,
		TTL_DESCRIPTION VARCHAR(254) NULL
) CHARACTER SET ucs2 COLLATE ucs2_general_ci ENGINE=InnoDB
		</sql><sql>
ALTER TABLE TASK_TYPE_L ADD CONSTRAINT PTTL_PK PRIMARY KEY (TTL_TT_CODE,TTL_LANGUAGE)
			</sql><sql>
CREATE UNIQUE INDEX UTTL_PK ON TASK_TYPE_L(TTL_TT_CODE,TTL_LANGUAGE)
			</sql><sql>
ALTER TABLE TASK_TYPE_L ADD CONSTRAINT FTTL_FK1 FOREIGN KEY (TTL_TT_CODE) REFERENCES TASK_TYPE(TT_CODE)
			</sql><sql>
CREATE INDEX ITTL_FK1 ON TASK_TYPE_L(TTL_TT_CODE)
			</sql><sql>
CREATE TABLE USER_TASKTYPE (
		UT_AU_CODE VARCHAR(50) NOT NULL,
		UT_TT_CODE VARCHAR(50) NOT NULL,
		UT_SUPERVISE CHAR(1) NOT NULL
) CHARACTER SET ucs2 COLLATE ucs2_general_ci ENGINE=InnoDB
		</sql><sql>
ALTER TABLE USER_TASKTYPE ADD CONSTRAINT PUT_PK PRIMARY KEY (UT_AU_CODE,UT_TT_CODE,UT_SUPERVISE)
			</sql><sql>
CREATE UNIQUE INDEX UUT_PK ON USER_TASKTYPE(UT_AU_CODE,UT_TT_CODE,UT_SUPERVISE)
			</sql><sql>
ALTER TABLE USER_TASKTYPE ADD CONSTRAINT FUT_FK1 FOREIGN KEY (UT_AU_CODE) REFERENCES ACCESS_USER(AU_CODE)
			</sql><sql>
CREATE INDEX IUT_FK1 ON USER_TASKTYPE(UT_AU_CODE)
			</sql><sql>
ALTER TABLE USER_TASKTYPE ADD CONSTRAINT FUT_FK2 FOREIGN KEY (UT_TT_CODE) REFERENCES TASK_TYPE(TT_CODE)
			</sql><sql>
CREATE INDEX IUT_FK2 ON USER_TASKTYPE(UT_TT_CODE)
			</sql><sql>
CREATE TABLE GROUP_TASKTYPE (
		GT_AG_CODE VARCHAR(50) NOT NULL,
		GT_TT_CODE VARCHAR(50) NOT NULL,
		GT_SUPERVISE CHAR(1) NOT NULL
) CHARACTER SET ucs2 COLLATE ucs2_general_ci ENGINE=InnoDB
		</sql><sql>
ALTER TABLE GROUP_TASKTYPE ADD CONSTRAINT PGT_PK PRIMARY KEY (GT_AG_CODE,GT_TT_CODE,GT_SUPERVISE)
			</sql><sql>
CREATE UNIQUE INDEX UGT_PK ON GROUP_TASKTYPE(GT_AG_CODE,GT_TT_CODE,GT_SUPERVISE)
			</sql><sql>
ALTER TABLE GROUP_TASKTYPE ADD CONSTRAINT FGT_FK1 FOREIGN KEY (GT_AG_CODE) REFERENCES ACCESS_GROUP(AG_CODE)
			</sql><sql>
CREATE INDEX IGT_FK1 ON GROUP_TASKTYPE(GT_AG_CODE)
			</sql><sql>
ALTER TABLE GROUP_TASKTYPE ADD CONSTRAINT FGT_FK2 FOREIGN KEY (GT_TT_CODE) REFERENCES TASK_TYPE(TT_CODE)
			</sql><sql>
CREATE INDEX IGT_FK2 ON GROUP_TASKTYPE(GT_TT_CODE)
			</sql><sql>
CREATE TABLE NOTIFIED_TASKEVENTS (
		NT_T_ID INTEGER NOT NULL,
		NT_AU_CODE VARCHAR(50) NOT NULL,
		NT_TYPE CHAR(1) NOT NULL
) CHARACTER SET ucs2 COLLATE ucs2_general_ci ENGINE=InnoDB
		</sql><sql>
CREATE INDEX INT_IX1 ON NOTIFIED_TASKEVENTS(NT_T_ID)
				</sql><sql>
CREATE INDEX INT_IX2 ON NOTIFIED_TASKEVENTS(NT_AU_CODE)
				</sql><sql>
CREATE TABLE EVENT_LOG (
		EL_ID BIGINT PRIMARY KEY NOT NULL AUTO_INCREMENT,
		EL_DATE TIMESTAMP NOT NULL,
		EL_USER VARCHAR(50) NOT NULL,
		EL_SERVICE VARCHAR(50) NOT NULL,
		EL_METHOD VARCHAR(50) NOT NULL,
		EL_INSTANCE VARCHAR(50) NULL,
		EL_TYPE CHAR(1) NOT NULL,
		EL_DETAIL LONGTEXT NULL,
		EL_ON_BEHALF_OF VARCHAR(50) NULL
) CHARACTER SET ucs2 COLLATE ucs2_general_ci ENGINE=InnoDB
		</sql><sql>
CREATE INDEX IEL_IX1 ON EVENT_LOG(EL_INSTANCE)
				</sql><sql>
CREATE TABLE BINARY_CONTENT (
		BC_ID BIGINT PRIMARY KEY NOT NULL AUTO_INCREMENT,
		BC_STATE CHAR(1) NOT NULL,
		BC_STORAGE CHAR(1) NOT NULL,
		BC_SC_CODE VARCHAR(50) NULL,
		BC_PATH VARCHAR(254) NOT NULL,
		BC_ORIGINAL_NAME VARCHAR(254) NOT NULL,
		BC_MIME_TYPE VARCHAR(254) NULL,
		BC_SIZE BIGINT NULL,
		BC_CHECK_MODE CHAR(1) NOT NULL,
		BC_CHECK_KEY VARCHAR(254) NULL,
		BC_CHECK_DATE TIMESTAMP NOT NULL,
		BC_CHECK_OK CHAR(1) NOT NULL
) CHARACTER SET ucs2 COLLATE ucs2_general_ci ENGINE=InnoDB
		</sql><sql>
ALTER TABLE BINARY_CONTENT ADD CONSTRAINT FBC_FK1 FOREIGN KEY (BC_SC_CODE) REFERENCES STORAGE_CHUNK(SC_CODE)
			</sql><sql>
CREATE INDEX IBC_FK1 ON BINARY_CONTENT(BC_SC_CODE)
			</sql><sql>
CREATE TABLE DCOBJECT (
		OB_ID BIGINT PRIMARY KEY NOT NULL AUTO_INCREMENT,
		OB_OT_CODE VARCHAR(50) NOT NULL,
		OB_STATE VARCHAR(50) NOT NULL,
		OB_DECORATION VARCHAR(50) NULL,
		OB_SIZE BIGINT NULL,
		OB_CRUSER VARCHAR(50) NOT NULL,
		OB_CRDATE TIMESTAMP NOT NULL,
		OB_USER VARCHAR(50) NOT NULL,
		OB_DATE TIMESTAMP NOT NULL,
		OB_DELUSER VARCHAR(50) NULL,
		OB_DELDATE TIMESTAMP NULL,
		OB_ACLI_ID BIGINT NOT NULL
) CHARACTER SET ucs2 COLLATE ucs2_general_ci ENGINE=InnoDB
		</sql><sql>
ALTER TABLE DCOBJECT ADD CONSTRAINT FDCOB_FK1 FOREIGN KEY (OB_OT_CODE) REFERENCES OBJECT_TYPE(OT_CODE)
			</sql><sql>
CREATE INDEX IDCOB_FK1 ON DCOBJECT(OB_OT_CODE)
			</sql><sql>
ALTER TABLE DCOBJECT ADD CONSTRAINT FDCOB_FK2 FOREIGN KEY (OB_CRUSER) REFERENCES ACCESS_USER(AU_CODE)
			</sql><sql>
CREATE INDEX IDCOB_FK2 ON DCOBJECT(OB_CRUSER)
			</sql><sql>
ALTER TABLE DCOBJECT ADD CONSTRAINT FDCOB_FK3 FOREIGN KEY (OB_USER) REFERENCES ACCESS_USER(AU_CODE)
			</sql><sql>
CREATE INDEX IDCOB_FK3 ON DCOBJECT(OB_USER)
			</sql><sql>
ALTER TABLE DCOBJECT ADD CONSTRAINT FDCOB_FK4 FOREIGN KEY (OB_DELUSER) REFERENCES ACCESS_USER(AU_CODE)
			</sql><sql>
CREATE INDEX IDCOB_FK4 ON DCOBJECT(OB_DELUSER)
			</sql><sql>
ALTER TABLE DCOBJECT ADD CONSTRAINT FDCOB_FK5 FOREIGN KEY (OB_ACLI_ID) REFERENCES ACL_INSTANCE(ACLI_ID)
			</sql><sql>
CREATE INDEX IDCOB_FK5 ON DCOBJECT(OB_ACLI_ID)
			</sql><sql>
CREATE INDEX IDCOB_IX1 ON DCOBJECT(OB_CRDATE)
				</sql><sql>
CREATE INDEX IDCOB_IX2 ON DCOBJECT(OB_DATE)
				</sql><sql>
CREATE INDEX IDCOB_IX3 ON DCOBJECT(OB_DELDATE)
				</sql><sql>
CREATE TABLE DCOBJECT_L (
		OBL_OB_ID BIGINT NOT NULL,
		OBL_LANGUAGE CHAR(2) NOT NULL,
		OBL_DESCRIPTION VARCHAR(254) NULL
) CHARACTER SET ucs2 COLLATE ucs2_general_ci ENGINE=InnoDB
		</sql><sql>
ALTER TABLE DCOBJECT_L ADD CONSTRAINT PDCOBL_PK PRIMARY KEY (OBL_OB_ID,OBL_LANGUAGE)
			</sql><sql>
CREATE UNIQUE INDEX UDCOBL_PK ON DCOBJECT_L(OBL_OB_ID,OBL_LANGUAGE)
			</sql><sql>
ALTER TABLE DCOBJECT_L ADD CONSTRAINT FDCOBL_FK1 FOREIGN KEY (OBL_OB_ID) REFERENCES DCOBJECT(OB_ID)
			</sql><sql>
CREATE INDEX IDCOBL_FK1 ON DCOBJECT_L(OBL_OB_ID)
			</sql><sql>
CREATE TABLE DCOBJECT_P_LINK (
		OPL_SRC_OB_ID BIGINT NOT NULL,
		OPL_DST_OB_ID BIGINT NOT NULL,
		OPL_SEQ INTEGER NOT NULL
) CHARACTER SET ucs2 COLLATE ucs2_general_ci ENGINE=InnoDB
		</sql><sql>
ALTER TABLE DCOBJECT_P_LINK ADD CONSTRAINT FDCOPL_FK1 FOREIGN KEY (OPL_SRC_OB_ID) REFERENCES DCOBJECT(OB_ID)
			</sql><sql>
CREATE INDEX IDCOPL_FK1 ON DCOBJECT_P_LINK(OPL_SRC_OB_ID)
			</sql><sql>
ALTER TABLE DCOBJECT_P_LINK ADD CONSTRAINT FDCOPL_FK2 FOREIGN KEY (OPL_DST_OB_ID) REFERENCES DCOBJECT(OB_ID)
			</sql><sql>
CREATE INDEX IDCOPL_FK2 ON DCOBJECT_P_LINK(OPL_DST_OB_ID)
			</sql><sql>
CREATE TABLE DCOBJECT_A_LINK (
		OAL_SRC_OB_ID BIGINT NOT NULL,
		OAL_DST_OB_ID BIGINT NOT NULL
) CHARACTER SET ucs2 COLLATE ucs2_general_ci ENGINE=InnoDB
		</sql><sql>
ALTER TABLE DCOBJECT_A_LINK ADD CONSTRAINT FDCOAL_FK1 FOREIGN KEY (OAL_SRC_OB_ID) REFERENCES DCOBJECT(OB_ID)
			</sql><sql>
CREATE INDEX IDCOAL_FK1 ON DCOBJECT_A_LINK(OAL_SRC_OB_ID)
			</sql><sql>
ALTER TABLE DCOBJECT_A_LINK ADD CONSTRAINT FDCOAL_FK2 FOREIGN KEY (OAL_DST_OB_ID) REFERENCES DCOBJECT(OB_ID)
			</sql><sql>
CREATE INDEX IDCOAL_FK2 ON DCOBJECT_A_LINK(OAL_DST_OB_ID)
			</sql><sql>
CREATE TABLE DCOBJECT_SHORTCUT (
		OSH_OB_ID BIGINT NOT NULL,
		OSH_TARGET_OB_ID BIGINT NOT NULL
) CHARACTER SET ucs2 COLLATE ucs2_general_ci ENGINE=InnoDB
		</sql><sql>
ALTER TABLE DCOBJECT_SHORTCUT ADD CONSTRAINT FDCOSL_FK1 FOREIGN KEY (OSH_OB_ID) REFERENCES DCOBJECT(OB_ID)
			</sql><sql>
CREATE INDEX IDCOSL_FK1 ON DCOBJECT_SHORTCUT(OSH_OB_ID)
			</sql><sql>
ALTER TABLE DCOBJECT_SHORTCUT ADD CONSTRAINT FDCOSL_FK2 FOREIGN KEY (OSH_TARGET_OB_ID) REFERENCES DCOBJECT(OB_ID)
			</sql><sql>
CREATE INDEX IDCOSL_FK2 ON DCOBJECT_SHORTCUT(OSH_TARGET_OB_ID)
			</sql><sql>
CREATE TABLE DCOBJECT_A_WORK (
		OAW_ORG_ID BIGINT NOT NULL,
		OAW_PAR_ID BIGINT NOT NULL,
		OAW_CHD_ID BIGINT NOT NULL,
		OAW_ITERATION INTEGER NOT NULL
) CHARACTER SET ucs2 COLLATE ucs2_general_ci ENGINE=InnoDB
		</sql><sql>
ALTER TABLE DCOBJECT_A_WORK ADD CONSTRAINT FDCOAW_FK1 FOREIGN KEY (OAW_ORG_ID) REFERENCES DCOBJECT(OB_ID)
			</sql><sql>
CREATE INDEX IDCOAW_FK1 ON DCOBJECT_A_WORK(OAW_ORG_ID)
			</sql><sql>
ALTER TABLE DCOBJECT_A_WORK ADD CONSTRAINT FDCOAW_FK2 FOREIGN KEY (OAW_PAR_ID) REFERENCES DCOBJECT(OB_ID)
			</sql><sql>
CREATE INDEX IDCOAW_FK2 ON DCOBJECT_A_WORK(OAW_PAR_ID)
			</sql><sql>
ALTER TABLE DCOBJECT_A_WORK ADD CONSTRAINT FDCOAW_FK3 FOREIGN KEY (OAW_CHD_ID) REFERENCES DCOBJECT(OB_ID)
			</sql><sql>
CREATE INDEX IDCOAW_FK3 ON DCOBJECT_A_WORK(OAW_CHD_ID)
			</sql><sql>
CREATE TABLE DCOBJECT_T_LINK (
		OTL_SRC_OB_ID BIGINT NOT NULL,
		OTL_DST_OB_ID BIGINT NOT NULL,
		OTL_LC_CODE VARCHAR(50) NOT NULL
) CHARACTER SET ucs2 COLLATE ucs2_general_ci ENGINE=InnoDB
		</sql><sql>
ALTER TABLE DCOBJECT_T_LINK ADD CONSTRAINT PDCOTL_PK PRIMARY KEY (OTL_LC_CODE,OTL_SRC_OB_ID,OTL_DST_OB_ID)
			</sql><sql>
CREATE UNIQUE INDEX UDCOTL_PK ON DCOBJECT_T_LINK(OTL_LC_CODE,OTL_SRC_OB_ID,OTL_DST_OB_ID)
			</sql><sql>
ALTER TABLE DCOBJECT_T_LINK ADD CONSTRAINT FDCOTL_FK1 FOREIGN KEY (OTL_SRC_OB_ID) REFERENCES DCOBJECT(OB_ID)
			</sql><sql>
CREATE INDEX IDCOTL_FK1 ON DCOBJECT_T_LINK(OTL_SRC_OB_ID)
			</sql><sql>
ALTER TABLE DCOBJECT_T_LINK ADD CONSTRAINT FDCOTL_FK2 FOREIGN KEY (OTL_DST_OB_ID) REFERENCES DCOBJECT(OB_ID)
			</sql><sql>
CREATE INDEX IDCOTL_FK2 ON DCOBJECT_T_LINK(OTL_DST_OB_ID)
			</sql><sql>
ALTER TABLE DCOBJECT_T_LINK ADD CONSTRAINT FDCOTL_FK3 FOREIGN KEY (OTL_LC_CODE) REFERENCES LINK_CATEGORY(LC_CODE)
			</sql><sql>
CREATE INDEX IDCOTL_FK3 ON DCOBJECT_T_LINK(OTL_LC_CODE)
			</sql><sql>
CREATE TABLE DCOBJECT_RESERVATION (
		OR_OB_ID BIGINT NOT NULL,
		OR_USER VARCHAR(50) NOT NULL,
		OR_DATE TIMESTAMP NOT NULL
) CHARACTER SET ucs2 COLLATE ucs2_general_ci ENGINE=InnoDB
		</sql><sql>
ALTER TABLE DCOBJECT_RESERVATION ADD CONSTRAINT FDCOR_FK1 FOREIGN KEY (OR_OB_ID) REFERENCES DCOBJECT(OB_ID)
			</sql><sql>
CREATE INDEX IDCOR_FK1 ON DCOBJECT_RESERVATION(OR_OB_ID)
			</sql><sql>
ALTER TABLE DCOBJECT_RESERVATION ADD CONSTRAINT FDCOR_FK2 FOREIGN KEY (OR_USER) REFERENCES ACCESS_USER(AU_CODE)
			</sql><sql>
CREATE INDEX IDCOR_FK2 ON DCOBJECT_RESERVATION(OR_USER)
			</sql><sql>
CREATE INDEX IDCOR_IX1 ON DCOBJECT_RESERVATION(OR_DATE)
				</sql><sql>
CREATE TABLE DCOBJECT_NR (
		ONR_ID BIGINT PRIMARY KEY NOT NULL AUTO_INCREMENT,
		ONR_OB_ID BIGINT NOT NULL,
		ONR_TYPE VARCHAR(5) NOT NULL,
		ONR_USER VARCHAR(50) NULL,
		ONR_GROUP VARCHAR(50) NULL
) CHARACTER SET ucs2 COLLATE ucs2_general_ci ENGINE=InnoDB
		</sql><sql>
ALTER TABLE DCOBJECT_NR ADD CONSTRAINT FON_FK1 FOREIGN KEY (ONR_OB_ID) REFERENCES DCOBJECT(OB_ID)
			</sql><sql>
CREATE INDEX ION_FK1 ON DCOBJECT_NR(ONR_OB_ID)
			</sql><sql>
ALTER TABLE DCOBJECT_NR ADD CONSTRAINT FON_FK2 FOREIGN KEY (ONR_USER) REFERENCES ACCESS_USER(AU_CODE)
			</sql><sql>
CREATE INDEX ION_FK2 ON DCOBJECT_NR(ONR_USER)
			</sql><sql>
ALTER TABLE DCOBJECT_NR ADD CONSTRAINT FON_FK3 FOREIGN KEY (ONR_GROUP) REFERENCES ACCESS_GROUP(AG_CODE)
			</sql><sql>
CREATE INDEX ION_FK3 ON DCOBJECT_NR(ONR_GROUP)
			</sql><sql>
CREATE TABLE DCOBJECT_TASK (
		T_ID BIGINT PRIMARY KEY NOT NULL AUTO_INCREMENT,
		T_TT_CODE VARCHAR(50) NOT NULL,
		T_CREATOR_AU_CODE VARCHAR(50) NOT NULL,
		T_OPERATOR_AU_CODE VARCHAR(50) NULL,
		T_CRDATE TIMESTAMP NULL,
		T_OB_ID BIGINT NOT NULL,
		T_STATE VARCHAR(50) NOT NULL,
		T_PROGRESS INTEGER NOT NULL,
		T_BEGINDATE TIMESTAMP NULL,
		T_ENDDATE TIMESTAMP NULL,
		T_COMMENT VARCHAR(254) NULL,
		T_OOPSDATE TIMESTAMP NULL,
		T_OPPORTUNDATE TIMESTAMP NULL,
		T_RECALL INTEGER NULL,
		T_PRIORITY INTEGER NOT NULL,
		T_PARENT_T_ID BIGINT NULL
) CHARACTER SET ucs2 COLLATE ucs2_general_ci ENGINE=InnoDB
		</sql><sql>
ALTER TABLE DCOBJECT_TASK ADD CONSTRAINT FT_FK1 FOREIGN KEY (T_CREATOR_AU_CODE) REFERENCES ACCESS_USER(AU_CODE)
			</sql><sql>
CREATE INDEX IT_FK1 ON DCOBJECT_TASK(T_CREATOR_AU_CODE)
			</sql><sql>
ALTER TABLE DCOBJECT_TASK ADD CONSTRAINT FT_FK2 FOREIGN KEY (T_OPERATOR_AU_CODE) REFERENCES ACCESS_USER(AU_CODE)
			</sql><sql>
CREATE INDEX IT_FK2 ON DCOBJECT_TASK(T_OPERATOR_AU_CODE)
			</sql><sql>
ALTER TABLE DCOBJECT_TASK ADD CONSTRAINT FT_FK3 FOREIGN KEY (T_TT_CODE) REFERENCES TASK_TYPE(TT_CODE)
			</sql><sql>
CREATE INDEX IT_FK3 ON DCOBJECT_TASK(T_TT_CODE)
			</sql><sql>
ALTER TABLE DCOBJECT_TASK ADD CONSTRAINT FT_FK4 FOREIGN KEY (T_OB_ID) REFERENCES DCOBJECT(OB_ID)
			</sql><sql>
CREATE INDEX IT_FK4 ON DCOBJECT_TASK(T_OB_ID)
			</sql><sql>
ALTER TABLE DCOBJECT_TASK ADD CONSTRAINT FT_FK5 FOREIGN KEY (T_PARENT_T_ID) REFERENCES DCOBJECT_TASK(T_ID)
			</sql><sql>
CREATE INDEX IT_FK5 ON DCOBJECT_TASK(T_PARENT_T_ID)
			</sql><sql>
CREATE INDEX IT_IX1 ON DCOBJECT_TASK(T_OPPORTUNDATE)
				</sql><sql>
CREATE TABLE DCOBJECT_VERSION (
		OV_ID BIGINT PRIMARY KEY NOT NULL AUTO_INCREMENT,
		OV_OB_ID BIGINT NOT NULL,
		OV_CREATOR VARCHAR(50) NOT NULL,
		OV_DATE TIMESTAMP NOT NULL,
		OV_PARENT_OV_ID BIGINT NULL,
		OV_RANK INTEGER NOT NULL,
		OV_PARENT_LINK CHAR(1) NOT NULL,
		OV_LANGUAGE CHAR(2) NULL,
		OV_ISVO CHAR(1) NULL,
		OV_WIP CHAR(1) NOT NULL,
		OV_BC_ID BIGINT NOT NULL
) CHARACTER SET ucs2 COLLATE ucs2_general_ci ENGINE=InnoDB
		</sql><sql>
ALTER TABLE DCOBJECT_VERSION ADD CONSTRAINT FDCOV_FK1 FOREIGN KEY (OV_OB_ID) REFERENCES DCOBJECT(OB_ID)
			</sql><sql>
CREATE INDEX IDCOV_FK1 ON DCOBJECT_VERSION(OV_OB_ID)
			</sql><sql>
ALTER TABLE DCOBJECT_VERSION ADD CONSTRAINT FDCOV_FK2 FOREIGN KEY (OV_CREATOR) REFERENCES ACCESS_USER(AU_CODE)
			</sql><sql>
CREATE INDEX IDCOV_FK2 ON DCOBJECT_VERSION(OV_CREATOR)
			</sql><sql>
ALTER TABLE DCOBJECT_VERSION ADD CONSTRAINT FDCOV_FK3 FOREIGN KEY (OV_BC_ID) REFERENCES BINARY_CONTENT(BC_ID)
			</sql><sql>
CREATE INDEX IDCOV_FK3 ON DCOBJECT_VERSION(OV_BC_ID)
			</sql><sql>
ALTER TABLE DCOBJECT_VERSION ADD CONSTRAINT FDCOV_FK4 FOREIGN KEY (OV_PARENT_OV_ID) REFERENCES DCOBJECT_VERSION(OV_ID)
			</sql><sql>
CREATE INDEX IDCOV_FK4 ON DCOBJECT_VERSION(OV_PARENT_OV_ID)
			</sql><sql>
CREATE TABLE DCOBJECT_UNREAD (
		OU_OB_ID BIGINT NOT NULL,
		OU_AU_CODE VARCHAR(50) NOT NULL,
		OU_TIME TIMESTAMP NOT NULL
) CHARACTER SET ucs2 COLLATE ucs2_general_ci ENGINE=InnoDB
		</sql><sql>
ALTER TABLE DCOBJECT_UNREAD ADD CONSTRAINT POU_PK PRIMARY KEY (OU_OB_ID,OU_AU_CODE)
			</sql><sql>
CREATE UNIQUE INDEX UOU_PK ON DCOBJECT_UNREAD(OU_OB_ID,OU_AU_CODE)
			</sql><sql>
ALTER TABLE DCOBJECT_UNREAD ADD CONSTRAINT FOU_FK1 FOREIGN KEY (OU_OB_ID) REFERENCES DCOBJECT(OB_ID)
			</sql><sql>
CREATE INDEX IOU_FK1 ON DCOBJECT_UNREAD(OU_OB_ID)
			</sql><sql>
ALTER TABLE DCOBJECT_UNREAD ADD CONSTRAINT FOU_FK2 FOREIGN KEY (OU_AU_CODE) REFERENCES ACCESS_USER(AU_CODE)
			</sql><sql>
CREATE INDEX IOU_FK2 ON DCOBJECT_UNREAD(OU_AU_CODE)
			</sql><sql>
CREATE TABLE BARCODE (
		BRCD_ID BIGINT PRIMARY KEY NOT NULL AUTO_INCREMENT,
		BRCD_STATE VARCHAR(50) NOT NULL,
		BRCD_OV_ID BIGINT NULL,
		BRCD_TEXT VARCHAR(254) NULL,
		BRCD_CRUSER VARCHAR(50) NOT NULL,
		BRCD_CRDATE TIMESTAMP NOT NULL
) CHARACTER SET ucs2 COLLATE ucs2_general_ci ENGINE=InnoDB
		</sql><sql>
ALTER TABLE BARCODE ADD CONSTRAINT FBRCD_FK1 FOREIGN KEY (BRCD_OV_ID) REFERENCES DCOBJECT_VERSION(OV_ID)
			</sql><sql>
CREATE INDEX IBRCD_FK1 ON BARCODE(BRCD_OV_ID)
			</sql><sql>
ALTER TABLE BARCODE ADD CONSTRAINT FBRCD_FK2 FOREIGN KEY (BRCD_CRUSER) REFERENCES ACCESS_USER(AU_CODE)
			</sql><sql>
CREATE INDEX IBRCD_FK2 ON BARCODE(BRCD_CRUSER)
			</sql><sql>
CREATE INDEX IBRCD_IX1 ON BARCODE(BRCD_CRDATE)
				</sql><sql>
CREATE TABLE DCOBJECT_RENDITION (
		OR_ID BIGINT PRIMARY KEY NOT NULL AUTO_INCREMENT,
		OR_OB_ID BIGINT NOT NULL,
		OR_OV_ID BIGINT NULL,
		OR_BC_ID BIGINT NOT NULL,
		OR_TYPE CHAR(1) NOT NULL,
		OR_DATE TIMESTAMP NOT NULL
) CHARACTER SET ucs2 COLLATE ucs2_general_ci ENGINE=InnoDB
		</sql><sql>
ALTER TABLE DCOBJECT_RENDITION ADD CONSTRAINT FDCRD_FK1 FOREIGN KEY (OR_OB_ID) REFERENCES DCOBJECT(OB_ID)
			</sql><sql>
CREATE INDEX IDCRD_FK1 ON DCOBJECT_RENDITION(OR_OB_ID)
			</sql><sql>
ALTER TABLE DCOBJECT_RENDITION ADD CONSTRAINT FDCRD_FK2 FOREIGN KEY (OR_BC_ID) REFERENCES BINARY_CONTENT(BC_ID)
			</sql><sql>
CREATE INDEX IDCRD_FK2 ON DCOBJECT_RENDITION(OR_BC_ID)
			</sql><sql>
ALTER TABLE DCOBJECT_RENDITION ADD CONSTRAINT FDCRD_FK3 FOREIGN KEY (OR_OV_ID) REFERENCES DCOBJECT_VERSION(OV_ID)
			</sql><sql>
CREATE INDEX IDCRD_FK3 ON DCOBJECT_RENDITION(OR_OV_ID)
			</sql><sql>
CREATE TABLE DCOBJECT_MARKUP (
		OM_ID BIGINT PRIMARY KEY NOT NULL AUTO_INCREMENT,
		OM_OB_ID BIGINT NOT NULL,
		OM_OV_ID BIGINT NULL,
		OM_TYPE CHAR(1) NOT NULL,
		OM_USER VARCHAR(50) NOT NULL,
		OM_CRDATE TIMESTAMP NOT NULL,
		OM_DATE TIMESTAMP NOT NULL,
		OM_BC_ID BIGINT NULL,
		OM_TEXT LONGTEXT NULL
) CHARACTER SET ucs2 COLLATE ucs2_general_ci ENGINE=InnoDB
		</sql><sql>
ALTER TABLE DCOBJECT_MARKUP ADD CONSTRAINT FDCOM_FK1 FOREIGN KEY (OM_OB_ID) REFERENCES DCOBJECT(OB_ID)
			</sql><sql>
CREATE INDEX IDCOM_FK1 ON DCOBJECT_MARKUP(OM_OB_ID)
			</sql><sql>
ALTER TABLE DCOBJECT_MARKUP ADD CONSTRAINT FDCOM_FK2 FOREIGN KEY (OM_USER) REFERENCES ACCESS_USER(AU_CODE)
			</sql><sql>
CREATE INDEX IDCOM_FK2 ON DCOBJECT_MARKUP(OM_USER)
			</sql><sql>
ALTER TABLE DCOBJECT_MARKUP ADD CONSTRAINT FDCOM_FK3 FOREIGN KEY (OM_BC_ID) REFERENCES BINARY_CONTENT(BC_ID)
			</sql><sql>
CREATE INDEX IDCOM_FK3 ON DCOBJECT_MARKUP(OM_BC_ID)
			</sql><sql>
ALTER TABLE DCOBJECT_MARKUP ADD CONSTRAINT FDCOM_FK4 FOREIGN KEY (OM_OV_ID) REFERENCES DCOBJECT_VERSION(OV_ID)
			</sql><sql>
CREATE INDEX IDCOM_FK4 ON DCOBJECT_MARKUP(OM_OV_ID)
			</sql><sql>
CREATE TABLE DCOBJECT_RENDITION_REQUEST (
		ORR_ID BIGINT PRIMARY KEY NOT NULL AUTO_INCREMENT,
		ORR_STATE VARCHAR(50) NOT NULL,
		ORR_OB_ID BIGINT NOT NULL,
		ORR_OV_ID BIGINT NULL,
		ORR_TYPE CHAR(1) NOT NULL,
		ORR_FORCED CHAR(1) NOT NULL,
		ORR_REPLACE CHAR(1) NOT NULL,
		ORR_PRIORITY INTEGER NOT NULL,
		ORR_ASK_DATE TIMESTAMP NOT NULL,
		ORR_START_DATE TIMESTAMP NULL,
		ORR_ERROR_DATE TIMESTAMP NULL,
		ORR_ERROR_TEXT LONGTEXT NULL
) CHARACTER SET ucs2 COLLATE ucs2_general_ci ENGINE=InnoDB
		</sql><sql>
CREATE INDEX IDCORR_IX1 ON DCOBJECT_RENDITION_REQUEST(ORR_OB_ID)
				</sql><sql>
CREATE INDEX IDCORR_IX2 ON DCOBJECT_RENDITION_REQUEST(ORR_OV_ID)
				</sql><sql>
CREATE TABLE DCOBJECT_FULLTEXT_REQUEST (
		OFR_ID BIGINT PRIMARY KEY NOT NULL AUTO_INCREMENT,
		OFR_STATE VARCHAR(50) NOT NULL,
		OFR_OB_ID BIGINT NOT NULL,
		OFR_PRIORITY INTEGER NOT NULL,
		OFR_ASK_DATE TIMESTAMP NOT NULL,
		OFR_START_DATE TIMESTAMP NULL,
		OFR_ERROR_DATE TIMESTAMP NULL,
		OFR_ERROR_TEXT LONGTEXT NULL
) CHARACTER SET ucs2 COLLATE ucs2_general_ci ENGINE=InnoDB
		</sql><sql>
CREATE INDEX IDCOFR_IX1 ON DCOBJECT_FULLTEXT_REQUEST(OFR_OB_ID)
				</sql><sql>
CREATE TABLE DCOBJECT_RETENTION (
		DOR_OB_ID BIGINT NOT NULL,
		DOR_RD_ID BIGINT NOT NULL,
		DOR_RETMIN_START TIMESTAMP NOT NULL,
		DOR_RETVER_START TIMESTAMP NULL,
		DOR_HOLD CHAR(1) NOT NULL
) CHARACTER SET ucs2 COLLATE ucs2_general_ci ENGINE=InnoDB
		</sql><sql>
ALTER TABLE DCOBJECT_RETENTION ADD CONSTRAINT FDOR_FK1 FOREIGN KEY (DOR_OB_ID) REFERENCES DCOBJECT(OB_ID)
			</sql><sql>
CREATE INDEX IDOR_FK1 ON DCOBJECT_RETENTION(DOR_OB_ID)
			</sql><sql>
ALTER TABLE DCOBJECT_RETENTION ADD CONSTRAINT FDOR_FK2 FOREIGN KEY (DOR_RD_ID) REFERENCES RETENTION_DEFINITION(RD_ID)
			</sql><sql>
CREATE INDEX IDOR_FK2 ON DCOBJECT_RETENTION(DOR_RD_ID)
			</sql><sql>
CREATE TABLE OBJECT_TYPE_DISPLAY_FIELD (
		ODF_OT_CODE VARCHAR(50) NOT NULL,
		ODF_IMF_CODE VARCHAR(50) NOT NULL,
		ODF_SEQ INTEGER NOT NULL
) CHARACTER SET ucs2 COLLATE ucs2_general_ci ENGINE=InnoDB
		</sql><sql>
ALTER TABLE OBJECT_TYPE_DISPLAY_FIELD ADD CONSTRAINT FDCODF_FK1 FOREIGN KEY (ODF_OT_CODE) REFERENCES OBJECT_TYPE(OT_CODE)
			</sql><sql>
CREATE INDEX IDCODF_FK1 ON OBJECT_TYPE_DISPLAY_FIELD(ODF_OT_CODE)
			</sql><sql>
ALTER TABLE OBJECT_TYPE_DISPLAY_FIELD ADD CONSTRAINT FDCODF_FK2 FOREIGN KEY (ODF_IMF_CODE) REFERENCES INDEXATION_MODEL_FIELD(IMF_CODE)
			</sql><sql>
CREATE INDEX IDCODF_FK2 ON OBJECT_TYPE_DISPLAY_FIELD(ODF_IMF_CODE)
			</sql><sql>
CREATE TABLE OBJECT_TYPE_SORT_FIELD (
		OSF_OT_CODE VARCHAR(50) NOT NULL,
		OSF_IMF_CODE VARCHAR(50) NOT NULL,
		OSF_MODE CHAR(1) NOT NULL,
		OSF_GROUP_BY CHAR(1) NOT NULL,
		OSF_SEQ INTEGER NOT NULL
) CHARACTER SET ucs2 COLLATE ucs2_general_ci ENGINE=InnoDB
		</sql><sql>
ALTER TABLE OBJECT_TYPE_SORT_FIELD ADD CONSTRAINT FDCOSF_FK1 FOREIGN KEY (OSF_OT_CODE) REFERENCES OBJECT_TYPE(OT_CODE)
			</sql><sql>
CREATE INDEX IDCOSF_FK1 ON OBJECT_TYPE_SORT_FIELD(OSF_OT_CODE)
			</sql><sql>
ALTER TABLE OBJECT_TYPE_SORT_FIELD ADD CONSTRAINT FDCOSF_FK2 FOREIGN KEY (OSF_IMF_CODE) REFERENCES INDEXATION_MODEL_FIELD(IMF_CODE)
			</sql><sql>
CREATE INDEX IDCOSF_FK2 ON OBJECT_TYPE_SORT_FIELD(OSF_IMF_CODE)
			</sql><sql>
CREATE TABLE NOTIFY_WORK (
		NW_PARENT_ID BIGINT NOT NULL,
		NW_OBJECT_ID BIGINT NOT NULL,
		NW_DATE TIMESTAMP NOT NULL,
		NW_TYPE CHAR(1) NOT NULL,
		NW_USER VARCHAR(50) NOT NULL
) CHARACTER SET ucs2 COLLATE ucs2_general_ci ENGINE=InnoDB
		</sql><sql>
CREATE INDEX INW_IX1 ON NOTIFY_WORK(NW_PARENT_ID)
				</sql><sql>
CREATE TABLE TABLE_TECH (
		TEC_SERIAL_DEF1 INTEGER NULL,
		TEC_SERIAL_DEF2 INTEGER NULL,
		TEC_SERIAL_DEF3 INTEGER NULL,
		TEC_SERIAL_DEF4 INTEGER NULL,
		TEC_SERIAL_DEF5 INTEGER NULL,
		TEC_SERIAL_DEF6 INTEGER NULL,
		TEC_SERIAL_DEF7 INTEGER NULL,
		TEC_SERIAL_DEF8 INTEGER NULL,
		TEC_SERIAL_DEF9 INTEGER NULL,
		TEC_SERIAL_DEF10 INTEGER NULL,
		TEC_SERIAL_IMPORT INTEGER NULL,
		TEC_DB_VERSION INTEGER NULL
) CHARACTER SET ucs2 COLLATE ucs2_general_ci ENGINE=InnoDB
		</sql><sql>
CREATE TABLE IMPORT_JOB (
		IJ_ID BIGINT PRIMARY KEY NOT NULL AUTO_INCREMENT,
		IJ_STATE VARCHAR(50) NOT NULL,
		IJ_CRON VARCHAR(254) NOT NULL,
		IJ_DETAILS LONGTEXT NOT NULL
) CHARACTER SET ucs2 COLLATE ucs2_general_ci ENGINE=InnoDB
		</sql><sql>
CREATE TABLE IMPORT_JOB_L (
		IJL_IJ_ID BIGINT NOT NULL,
		IJL_LANGUAGE CHAR(2) NOT NULL,
		IJL_LABEL VARCHAR(50) NULL,
		IJL_DESCRIPTION VARCHAR(254) NULL
) CHARACTER SET ucs2 COLLATE ucs2_general_ci ENGINE=InnoDB
		</sql><sql>
ALTER TABLE IMPORT_JOB_L ADD CONSTRAINT PIJL_PK PRIMARY KEY (IJL_IJ_ID,IJL_LANGUAGE)
			</sql><sql>
CREATE UNIQUE INDEX UIJL_PK ON IMPORT_JOB_L(IJL_IJ_ID,IJL_LANGUAGE)
			</sql><sql>
ALTER TABLE IMPORT_JOB_L ADD CONSTRAINT FIJL_FK1 FOREIGN KEY (IJL_IJ_ID) REFERENCES IMPORT_JOB(IJ_ID)
			</sql><sql>
CREATE INDEX IIJL_FK1 ON IMPORT_JOB_L(IJL_IJ_ID)
			</sql><sql>
CREATE TABLE IMPORT_JOB_RUN (
		IJR_ID BIGINT PRIMARY KEY NOT NULL AUTO_INCREMENT,
		IJR_IJ_ID BIGINT NOT NULL,
		IJR_BEGIN TIMESTAMP NOT NULL,
		IJR_END TIMESTAMP NULL,
		IJR_SUCCESS CHAR(1) NULL,
		IJR_BATCHES_NUMBER INTEGER NULL,
		IJR_DOCUMENTS_NUMBER INTEGER NULL
) CHARACTER SET ucs2 COLLATE ucs2_general_ci ENGINE=InnoDB
		</sql><sql>
ALTER TABLE IMPORT_JOB_RUN ADD CONSTRAINT FIJR_FK1 FOREIGN KEY (IJR_IJ_ID) REFERENCES IMPORT_JOB(IJ_ID)
			</sql><sql>
CREATE INDEX IIJR_FK1 ON IMPORT_JOB_RUN(IJR_IJ_ID)
			</sql><sql>
CREATE TABLE JOBS (
		JOB_NAME VARCHAR(50) NOT NULL,
		JOB_LASTDATE TIMESTAMP NOT NULL
) CHARACTER SET ucs2 COLLATE ucs2_general_ci ENGINE=InnoDB
		</sql><sql>
ALTER TABLE JOBS ADD CONSTRAINT PJOB_PK PRIMARY KEY (JOB_NAME)
			</sql><sql>
CREATE UNIQUE INDEX UJOB_PK ON JOBS(JOB_NAME)
			</sql><sql>
CREATE TABLE OBJECT_TYPE_DOC_GEN (
		OTDG_CODE VARCHAR(50) NOT NULL,
		OTDG_STATE CHAR(1) NOT NULL,
		OTDG_OT_CODE VARCHAR(50) NOT NULL,
		OTDG_ENGINE VARCHAR(10) NOT NULL,
		OTDG_MIME_TYPE VARCHAR(254) NOT NULL,
		OTDG_EXTENSION VARCHAR(10) NOT NULL,
		OTDG_SCRIPT_PATH VARCHAR(254) NOT NULL,
		OTDG_TEMPLATE_PATH VARCHAR(254) NULL
) CHARACTER SET ucs2 COLLATE ucs2_general_ci ENGINE=InnoDB
		</sql><sql>
ALTER TABLE OBJECT_TYPE_DOC_GEN ADD CONSTRAINT POTDG_PK PRIMARY KEY (OTDG_CODE)
			</sql><sql>
CREATE UNIQUE INDEX UOTDG_PK ON OBJECT_TYPE_DOC_GEN(OTDG_CODE)
			</sql><sql>
ALTER TABLE OBJECT_TYPE_DOC_GEN ADD CONSTRAINT FOTDG_FK1 FOREIGN KEY (OTDG_OT_CODE) REFERENCES OBJECT_TYPE(OT_CODE)
			</sql><sql>
CREATE INDEX IOTDG_FK1 ON OBJECT_TYPE_DOC_GEN(OTDG_OT_CODE)
			</sql><sql>
CREATE TABLE OBJECT_TYPE_DOC_GEN_L (
		OTDGL_OTDG_CODE VARCHAR(50) NOT NULL,
		OTDGL_LANGUAGE CHAR(2) NOT NULL,
		OTDGL_LABEL VARCHAR(50) NULL,
		OTDGL_DESCRIPTION VARCHAR(254) NULL
) CHARACTER SET ucs2 COLLATE ucs2_general_ci ENGINE=InnoDB
		</sql><sql>
ALTER TABLE OBJECT_TYPE_DOC_GEN_L ADD CONSTRAINT POTDGL_PK PRIMARY KEY (OTDGL_OTDG_CODE,OTDGL_LANGUAGE)
			</sql><sql>
CREATE UNIQUE INDEX UOTDGL_PK ON OBJECT_TYPE_DOC_GEN_L(OTDGL_OTDG_CODE,OTDGL_LANGUAGE)
			</sql><sql>
ALTER TABLE OBJECT_TYPE_DOC_GEN_L ADD CONSTRAINT FOTDGL_FK1 FOREIGN KEY (OTDGL_OTDG_CODE) REFERENCES OBJECT_TYPE_DOC_GEN(OTDG_CODE)
			</sql><sql>
CREATE INDEX IOTDGL_FK1 ON OBJECT_TYPE_DOC_GEN_L(OTDGL_OTDG_CODE)
			</sql><sql>
CREATE TABLE GROUP_SEC_RULE (
		GSR_AG_CODE VARCHAR(50) NOT NULL,
		GSR_SEQ INTEGER NOT NULL,
		GSR_RES INTEGER NOT NULL,
		GSR_OC_CODE VARCHAR(50) NULL,
		GSR_OT_CODE VARCHAR(50) NULL,
		GSR_SUBRES VARCHAR(10) NULL,
		GSR_CREATE CHAR(1) NOT NULL,
		GSR_READ CHAR(1) NOT NULL,
		GSR_UPDATE CHAR(1) NOT NULL,
		GSR_DELETE CHAR(1) NOT NULL,
		GSR_MOVE CHAR(1) NOT NULL,
		GSR_EXECUTE CHAR(1) NOT NULL
) CHARACTER SET ucs2 COLLATE ucs2_general_ci ENGINE=InnoDB
		</sql><sql>
ALTER TABLE GROUP_SEC_RULE ADD CONSTRAINT PGSR_PK PRIMARY KEY (GSR_AG_CODE,GSR_SEQ)
			</sql><sql>
CREATE UNIQUE INDEX UGSR_PK ON GROUP_SEC_RULE(GSR_AG_CODE,GSR_SEQ)
			</sql><sql>
ALTER TABLE GROUP_SEC_RULE ADD CONSTRAINT FGSR_FK1 FOREIGN KEY (GSR_AG_CODE) REFERENCES ACCESS_GROUP(AG_CODE)
			</sql><sql>
CREATE INDEX IGSR_FK1 ON GROUP_SEC_RULE(GSR_AG_CODE)
			</sql><sql>
ALTER TABLE GROUP_SEC_RULE ADD CONSTRAINT FGSR_FK2 FOREIGN KEY (GSR_OC_CODE) REFERENCES DCOBJECT_CLASS(OC_CODE)
			</sql><sql>
CREATE INDEX IGSR_FK2 ON GROUP_SEC_RULE(GSR_OC_CODE)
			</sql><sql>
ALTER TABLE GROUP_SEC_RULE ADD CONSTRAINT FGSR_FK3 FOREIGN KEY (GSR_OT_CODE) REFERENCES OBJECT_TYPE(OT_CODE)
			</sql><sql>
CREATE INDEX IGSR_FK3 ON GROUP_SEC_RULE(GSR_OT_CODE)
			</sql><sql>
CREATE TABLE USER_SEC_RULE (
		USR_AU_CODE VARCHAR(50) NOT NULL,
		USR_SEQ INTEGER NOT NULL,
		USR_RES INTEGER NOT NULL,
		USR_OC_CODE VARCHAR(50) NULL,
		USR_OT_CODE VARCHAR(50) NULL,
		USR_SUBRES VARCHAR(10) NULL,
		USR_CREATE CHAR(1) NOT NULL,
		USR_READ CHAR(1) NOT NULL,
		USR_UPDATE CHAR(1) NOT NULL,
		USR_DELETE CHAR(1) NOT NULL,
		USR_MOVE CHAR(1) NOT NULL,
		USR_EXECUTE CHAR(1) NOT NULL
) CHARACTER SET ucs2 COLLATE ucs2_general_ci ENGINE=InnoDB
		</sql><sql>
ALTER TABLE USER_SEC_RULE ADD CONSTRAINT PUSR_PK PRIMARY KEY (USR_AU_CODE,USR_SEQ)
			</sql><sql>
CREATE UNIQUE INDEX UUSR_PK ON USER_SEC_RULE(USR_AU_CODE,USR_SEQ)
			</sql><sql>
ALTER TABLE USER_SEC_RULE ADD CONSTRAINT FUSR_FK1 FOREIGN KEY (USR_AU_CODE) REFERENCES ACCESS_USER(AU_CODE)
			</sql><sql>
CREATE INDEX IUSR_FK1 ON USER_SEC_RULE(USR_AU_CODE)
			</sql><sql>
ALTER TABLE USER_SEC_RULE ADD CONSTRAINT FUSR_FK2 FOREIGN KEY (USR_OC_CODE) REFERENCES DCOBJECT_CLASS(OC_CODE)
			</sql><sql>
CREATE INDEX IUSR_FK2 ON USER_SEC_RULE(USR_OC_CODE)
			</sql><sql>
ALTER TABLE USER_SEC_RULE ADD CONSTRAINT FUSR_FK3 FOREIGN KEY (USR_OT_CODE) REFERENCES OBJECT_TYPE(OT_CODE)
			</sql><sql>
CREATE INDEX IUSR_FK3 ON USER_SEC_RULE(USR_OT_CODE)
			</sql><sql>
CREATE TABLE ACL_SEC_RULE (
		ACLSR_ACL_CODE VARCHAR(50) NOT NULL,
		ACLSR_SEQ INTEGER NOT NULL,
		ACLSR_RES INTEGER NOT NULL,
		ACLSR_OC_CODE VARCHAR(50) NULL,
		ACLSR_OT_CODE VARCHAR(50) NULL,
		ACLSR_SUBRES VARCHAR(10) NULL,
		ACLSR_CREATE CHAR(1) NOT NULL,
		ACLSR_READ CHAR(1) NOT NULL,
		ACLSR_UPDATE CHAR(1) NOT NULL,
		ACLSR_DELETE CHAR(1) NOT NULL,
		ACLSR_MOVE CHAR(1) NOT NULL,
		ACLSR_EXECUTE CHAR(1) NOT NULL,
		ACLSR_PARTY CHAR(1) NOT NULL,
		ACLSR_AU_CODE VARCHAR(50) NULL,
		ACLSR_AG_CODE VARCHAR(50) NULL,
		ACLSR_ACLR_ID BIGINT NULL
) CHARACTER SET ucs2 COLLATE ucs2_general_ci ENGINE=InnoDB
		</sql><sql>
ALTER TABLE ACL_SEC_RULE ADD CONSTRAINT PACLSR_PK PRIMARY KEY (ACLSR_ACL_CODE,ACLSR_SEQ)
			</sql><sql>
CREATE UNIQUE INDEX UACLSR_PK ON ACL_SEC_RULE(ACLSR_ACL_CODE,ACLSR_SEQ)
			</sql><sql>
ALTER TABLE ACL_SEC_RULE ADD CONSTRAINT FACLSR_FK1 FOREIGN KEY (ACLSR_ACL_CODE) REFERENCES ACCESS_CONTROL_LIST(ACL_CODE)
			</sql><sql>
CREATE INDEX IACLSR_FK1 ON ACL_SEC_RULE(ACLSR_ACL_CODE)
			</sql><sql>
ALTER TABLE ACL_SEC_RULE ADD CONSTRAINT FACLSR_FK2 FOREIGN KEY (ACLSR_OC_CODE) REFERENCES DCOBJECT_CLASS(OC_CODE)
			</sql><sql>
CREATE INDEX IACLSR_FK2 ON ACL_SEC_RULE(ACLSR_OC_CODE)
			</sql><sql>
ALTER TABLE ACL_SEC_RULE ADD CONSTRAINT FACLSR_FK3 FOREIGN KEY (ACLSR_OT_CODE) REFERENCES OBJECT_TYPE(OT_CODE)
			</sql><sql>
CREATE INDEX IACLSR_FK3 ON ACL_SEC_RULE(ACLSR_OT_CODE)
			</sql><sql>
ALTER TABLE ACL_SEC_RULE ADD CONSTRAINT FACLSR_FK4 FOREIGN KEY (ACLSR_AU_CODE) REFERENCES ACCESS_USER(AU_CODE)
			</sql><sql>
CREATE INDEX IACLSR_FK4 ON ACL_SEC_RULE(ACLSR_AU_CODE)
			</sql><sql>
ALTER TABLE ACL_SEC_RULE ADD CONSTRAINT FACLSR_FK5 FOREIGN KEY (ACLSR_AG_CODE) REFERENCES ACCESS_GROUP(AG_CODE)
			</sql><sql>
CREATE INDEX IACLSR_FK5 ON ACL_SEC_RULE(ACLSR_AG_CODE)
			</sql><sql>
ALTER TABLE ACL_SEC_RULE ADD CONSTRAINT FACLSR_FK6 FOREIGN KEY (ACLSR_ACLR_ID) REFERENCES ACL_ROLE(ACLR_ID)
			</sql><sql>
CREATE INDEX IACLSR_FK6 ON ACL_SEC_RULE(ACLSR_ACLR_ID)
			</sql><sql>
CREATE TABLE SQ_FILTER (
		ID BIGINT PRIMARY KEY NOT NULL AUTO_INCREMENT,
		SQF_TYPE VARCHAR(50) NOT NULL
) CHARACTER SET ucs2 COLLATE ucs2_general_ci ENGINE=InnoDB
		</sql><sql>
CREATE TABLE DCOBJECT_SAVED_QUERY (
		DSQ_OB_ID BIGINT NOT NULL,
		DSQ_FILTER_ID BIGINT NOT NULL,
		DSQ_DELETED_OBJECT INTEGER NULL,
		DSQ_FILTER_REND_VER CHAR(1) NULL
) CHARACTER SET ucs2 COLLATE ucs2_general_ci ENGINE=InnoDB
		</sql><sql>
ALTER TABLE DCOBJECT_SAVED_QUERY ADD CONSTRAINT FDSQ_FK1 FOREIGN KEY (DSQ_OB_ID) REFERENCES DCOBJECT(OB_ID)
			</sql><sql>
CREATE INDEX IDSQ_FK1 ON DCOBJECT_SAVED_QUERY(DSQ_OB_ID)
			</sql><sql>
ALTER TABLE DCOBJECT_SAVED_QUERY ADD CONSTRAINT FDSQ_FK2 FOREIGN KEY (DSQ_FILTER_ID) REFERENCES SQ_FILTER(ID)
			</sql><sql>
CREATE INDEX IDSQ_FK2 ON DCOBJECT_SAVED_QUERY(DSQ_FILTER_ID)
			</sql><sql>
CREATE TABLE SAVED_QUERY_DISPLAY_C (
		SQDC_OB_ID BIGINT NOT NULL,
		SQDC_FIELD_CODE VARCHAR(50) NOT NULL,
		SQDC_SEQ INTEGER NULL
) CHARACTER SET ucs2 COLLATE ucs2_general_ci ENGINE=InnoDB
		</sql><sql>
ALTER TABLE SAVED_QUERY_DISPLAY_C ADD CONSTRAINT FSQDC_FK1 FOREIGN KEY (SQDC_OB_ID) REFERENCES DCOBJECT(OB_ID)
			</sql><sql>
CREATE INDEX ISQDC_FK1 ON SAVED_QUERY_DISPLAY_C(SQDC_OB_ID)
			</sql><sql>
ALTER TABLE SAVED_QUERY_DISPLAY_C ADD CONSTRAINT FSQDC_FK2 FOREIGN KEY (SQDC_FIELD_CODE) REFERENCES INDEXATION_MODEL_FIELD(IMF_CODE)
			</sql><sql>
CREATE INDEX ISQDC_FK2 ON SAVED_QUERY_DISPLAY_C(SQDC_FIELD_CODE)
			</sql><sql>
CREATE TABLE SAVED_QUERY_SORT_C (
		SQSC_OB_ID BIGINT NOT NULL,
		SQSC_FIELD_CODE VARCHAR(50) NOT NULL,
		SQSC_MODE CHAR(1) NULL,
		SQSC_GROUP_BY CHAR(1) NOT NULL,
		SQSC_SEQ INTEGER NULL
) CHARACTER SET ucs2 COLLATE ucs2_general_ci ENGINE=InnoDB
		</sql><sql>
ALTER TABLE SAVED_QUERY_SORT_C ADD CONSTRAINT FSQSC_FK1 FOREIGN KEY (SQSC_OB_ID) REFERENCES DCOBJECT(OB_ID)
			</sql><sql>
CREATE INDEX ISQSC_FK1 ON SAVED_QUERY_SORT_C(SQSC_OB_ID)
			</sql><sql>
ALTER TABLE SAVED_QUERY_SORT_C ADD CONSTRAINT FSQSC_FK2 FOREIGN KEY (SQSC_FIELD_CODE) REFERENCES INDEXATION_MODEL_FIELD(IMF_CODE)
			</sql><sql>
CREATE INDEX ISQSC_FK2 ON SAVED_QUERY_SORT_C(SQSC_FIELD_CODE)
			</sql><sql>
CREATE TABLE SQ_FILTER_FIELD (
		SQFF_FILTER_ID BIGINT NOT NULL,
		SQFF_FIELD_CODE VARCHAR(50) NOT NULL,
		SQFF_OPERATOR VARCHAR(2) NOT NULL,
		SQFF_EDIT_MODE CHAR(1) NULL
) CHARACTER SET ucs2 COLLATE ucs2_general_ci ENGINE=InnoDB
		</sql><sql>
ALTER TABLE SQ_FILTER_FIELD ADD CONSTRAINT FSQFF_FK1 FOREIGN KEY (SQFF_FILTER_ID) REFERENCES SQ_FILTER(ID)
			</sql><sql>
CREATE INDEX ISQFF_FK1 ON SQ_FILTER_FIELD(SQFF_FILTER_ID)
			</sql><sql>
ALTER TABLE SQ_FILTER_FIELD ADD CONSTRAINT FSQFF_FK2 FOREIGN KEY (SQFF_FIELD_CODE) REFERENCES INDEXATION_MODEL_FIELD(IMF_CODE)
			</sql><sql>
CREATE INDEX ISQFF_FK2 ON SQ_FILTER_FIELD(SQFF_FIELD_CODE)
			</sql><sql>
CREATE TABLE SQ_FILTER_GROUP (
		SQFG_FILTER_ID BIGINT NOT NULL,
		SQFG_OPERATOR INTEGER NOT NULL
) CHARACTER SET ucs2 COLLATE ucs2_general_ci ENGINE=InnoDB
		</sql><sql>
ALTER TABLE SQ_FILTER_GROUP ADD CONSTRAINT FSQFG_FK1 FOREIGN KEY (SQFG_FILTER_ID) REFERENCES SQ_FILTER(ID)
			</sql><sql>
CREATE INDEX ISQFG_FK1 ON SQ_FILTER_GROUP(SQFG_FILTER_ID)
			</sql><sql>
CREATE TABLE SQ_FG_FILTER (
		SQFGF_GRP_ID BIGINT NOT NULL,
		SQFGF_FILTER_ID BIGINT NOT NULL,
		SQFGF_SEQ INTEGER NOT NULL
) CHARACTER SET ucs2 COLLATE ucs2_general_ci ENGINE=InnoDB
		</sql><sql>
ALTER TABLE SQ_FG_FILTER ADD CONSTRAINT FSQFGF_FK1 FOREIGN KEY (SQFGF_GRP_ID) REFERENCES SQ_FILTER(ID)
			</sql><sql>
CREATE INDEX ISQFGF_FK1 ON SQ_FG_FILTER(SQFGF_GRP_ID)
			</sql><sql>
ALTER TABLE SQ_FG_FILTER ADD CONSTRAINT FSQFGF_FK2 FOREIGN KEY (SQFGF_FILTER_ID) REFERENCES SQ_FILTER(ID)
			</sql><sql>
CREATE INDEX ISQFGF_FK2 ON SQ_FG_FILTER(SQFGF_FILTER_ID)
			</sql><sql>
CREATE TABLE SQ_FILTER_LNK_OBJ (
		SQFLNK_FILTER_ID BIGINT NOT NULL,
		SQFLNK_CAT_CODE VARCHAR(50) NOT NULL,
		SQFLNK_DIRECTION CHAR(1) NOT NULL
) CHARACTER SET ucs2 COLLATE ucs2_general_ci ENGINE=InnoDB
		</sql><sql>
ALTER TABLE SQ_FILTER_LNK_OBJ ADD CONSTRAINT FSQFLNK_FK1 FOREIGN KEY (SQFLNK_FILTER_ID) REFERENCES SQ_FILTER(ID)
			</sql><sql>
CREATE INDEX ISQFLNK_FK1 ON SQ_FILTER_LNK_OBJ(SQFLNK_FILTER_ID)
			</sql><sql>
ALTER TABLE SQ_FILTER_LNK_OBJ ADD CONSTRAINT FSQFLNK_FK2 FOREIGN KEY (SQFLNK_CAT_CODE) REFERENCES LINK_CATEGORY(LC_CODE)
			</sql><sql>
CREATE INDEX ISQFLNK_FK2 ON SQ_FILTER_LNK_OBJ(SQFLNK_CAT_CODE)
			</sql><sql>
CREATE TABLE SQ_FILTER_TEXT (
		SQFT_FILTER_ID BIGINT NOT NULL,
		SQFT_QUERY_LANGUAGE VARCHAR(3) NULL,
		SQFT_QUERY_STRING VARCHAR(50) NULL,
		SQFT_EDIT_MODE CHAR(1) NOT NULL
) CHARACTER SET ucs2 COLLATE ucs2_general_ci ENGINE=InnoDB
		</sql><sql>
ALTER TABLE SQ_FILTER_TEXT ADD CONSTRAINT FSQFT_FK1 FOREIGN KEY (SQFT_FILTER_ID) REFERENCES SQ_FILTER(ID)
			</sql><sql>
CREATE INDEX ISQFT_FK1 ON SQ_FILTER_TEXT(SQFT_FILTER_ID)
			</sql><sql>
CREATE TABLE SQ_FILTER_VALUES (
		SQFV_FILTER_ID BIGINT NOT NULL,
		SQFV_VALUE VARCHAR(254) NULL,
		SQFV_SEQ INTEGER NULL
) CHARACTER SET ucs2 COLLATE ucs2_general_ci ENGINE=InnoDB
		</sql><sql>
ALTER TABLE SQ_FILTER_VALUES ADD CONSTRAINT FSQFV_FK1 FOREIGN KEY (SQFV_FILTER_ID) REFERENCES SQ_FILTER(ID)
			</sql><sql>
CREATE INDEX ISQFV_FK1 ON SQ_FILTER_VALUES(SQFV_FILTER_ID)
			</sql><sql>
CREATE TABLE DR550_RD_LINKS (
		DR550_RD_ID BIGINT NOT NULL,
		DR550_MC_CODE VARCHAR(50) NOT NULL
) CHARACTER SET ucs2 COLLATE ucs2_general_ci ENGINE=InnoDB
		</sql><sql>
ALTER TABLE DR550_RD_LINKS ADD CONSTRAINT PDR550_RDL_PK PRIMARY KEY (DR550_RD_ID,DR550_MC_CODE)
			</sql><sql>
CREATE UNIQUE INDEX UDR550_RDL_PK ON DR550_RD_LINKS(DR550_RD_ID,DR550_MC_CODE)
			</sql><sql>
ALTER TABLE DR550_RD_LINKS ADD CONSTRAINT FDR550_RDL_FK1 FOREIGN KEY (DR550_RD_ID) REFERENCES RETENTION_DEFINITION(RD_ID)
			</sql><sql>
CREATE INDEX IDR550_RDL_FK1 ON DR550_RD_LINKS(DR550_RD_ID)
			</sql><sql>
CREATE TABLE DCCONF (
		DCC_KEY VARCHAR(255) NOT NULL,
		DCC_VALUE VARCHAR(255) NULL
) CHARACTER SET ucs2 COLLATE ucs2_general_ci ENGINE=InnoDB
		</sql><sql>
ALTER TABLE DCCONF ADD CONSTRAINT PDCC_PK PRIMARY KEY (DCC_KEY)
			</sql><sql>
CREATE UNIQUE INDEX UDCC_PK ON DCCONF(DCC_KEY)
			</sql></script>