<?xml version="1.0" encoding="iso-8859-1"?>
<!DOCTYPE sdb PUBLIC "-//IRIS//XML Specifications//sdb" "http://localhost/spectools/sdb/dtd/sdb.dtd">
<sdb>
    <dbtable name="THESAURUS_A_LINKS">
        <descr>Ancestor links between concepts</descr>
        <column name="THALNK_THC_ID" type="BIGINT" null="FALSE">
            <descr>Concept id</descr>
        </column>
        <column name="THALNK_ATHC_ID" type="BIGINT" null="FALSE">
            <descr>Parent concept id</descr>
        </column>
        <primarykey name="PTHALNK_PK" dbname="THALNK_THC_ID,THALNK_ATHC_ID"/>
        <foreignkey name="FTHALNK_FK1" dbname="THALNK_THC_ID" ftable="THESAURUS_CONCEPT" ffield="THC_ID" />
        <foreignkey name="FTHALNK_FK2" dbname="THALNK_ATHC_ID" ftable="THESAURUS_CONCEPT" ffield="THC_ID" />
    </dbtable>
   
    <dbtable name="THESAURUS_CN">
        <descr>Thesaurus concept notifications</descr>
        <column name="THCN_THC_ID" type="BIGINT" null="FALSE">
            <descr>The unique id of the thesaurus concept to notify</descr>
        </column>
        <column name="THCN_AU_CODE" type="VARCHAR" size="50" null="TRUE">
            <descr>Code of the user to notify</descr>
        </column>
        <column name="THCN_AG_CODE" type="VARCHAR" size="50" null="TRUE">
            <descr>Code of the group to notify</descr>
        </column>
        <column name="THCN_BT" type="CHAR" size="1" null="FALSE">
            <descr>Notify also on broader concepts</descr>
        </column>
        <column name="THCN_NT" type="CHAR" size="1" null="FALSE">
            <descr>Notify also on narrower concepts</descr>
        </column>
        <foreignkey name="FTHCN_FK1" dbname="THCN_THC_ID" ftable="THESAURUS_CONCEPT" ffield="THC_ID" />
        <foreignkey name="FTHCN_FK2" dbname="THCN_AU_CODE" ftable="ACCESS_USER" ffield="AU_CODE" />
        <foreignkey name="FTHCN_FK3" dbname="THCN_AG_CODE" ftable="ACCESS_GROUP" ffield="AG_CODE" />
    </dbtable>
    
    <dbtable name="DCOBJECT_SHORTCUT">
        <descr>Each row of this table describes a shortcut relation between two objects.</descr>
        <column name="OSH_OB_ID" type="BIGINT" null="FALSE">
            <descr>The shortcut itself</descr>
        </column>
        <column name="OSH_TARGET_OB_ID" type="BIGINT" null="FALSE">
            <descr>The shortcut target</descr>
        </column>
        <foreignkey name="DCOSL_FK1" dbname="OSH_OB_ID" ftable="DCOBJECT" ffield="OB_ID"/>
        <foreignkey name="DCOSL_FK2" dbname="OSH_TARGET_OB_ID" ftable="DCOBJECT" ffield="OB_ID"/>
    </dbtable>
</sdb>