<?xml version="1.0" encoding="iso-8859-1"?>
<!DOCTYPE sdb PUBLIC "-//IRIS//XML Specifications//sdb" "http://localhost/spectools/sdb/dtd/sdb.dtd">
<sdb>
	<dbtable name="ACL_ROLE">
		<descr>Each row of the database modelise an access control list	role.</descr>
		<column name="ACLR_ID" type="BIGINT" null="FALSE" id="TRUE">
			<descr>The unique id of the access control list role</descr>
		</column>
		<column name="ACLR_CODE" type="VARCHAR" size="50" null="FALSE">
			<descr>	The unique (for a given acl) code of the access control list role</descr>
		</column>
		<column name="ACLR_ACL_CODE" type="VARCHAR" size="50" null="FALSE">
			<descr>
				The access control list this role is defined onto
			</descr>
		</column>
		<primarykey name="ACLR_PK" dbname="ACLR_ID" />
		<foreignkey name="ACLR_FK1" dbname="ACLR_ACL_CODE" ftable="ACCESS_CONTROL_LIST" ffield="ACL_CODE" />
	</dbtable>

	<dbtable name="ACL_ROLE_L">
		<descr>Each row of the database represent localized information	about an access control list role.</descr>
		<column name="ACLRL_ACLR_ID" type="BIGINT" null="FALSE">
			<descr>The code of the access control list role.</descr>
		</column>
		<column name="ACLRL_LANGUAGE" type="CHAR" size="2" null="FALSE">
			<descr>The language of the localized information.</descr>
		</column>
		<column name="ACLRL_LABEL" type="VARCHAR" size="50">
			<descr>An user-friendly label of the access control list.</descr>
		</column>
		<column name="ACLRL_DESCRIPTION" type="VARCHAR" size="254">
			<descr>An user-friendly description of the access control list.</descr>
		</column>
		<primarykey name="ACLRL_PK"	dbname="ACLRL_ACLR_ID,ACLRL_LANGUAGE" />
		<foreignkey name="ACLRL_FK1" dbname="ACLRL_ACLR_ID"	ftable="ACL_ROLE" ffield="ACLR_ID" />
	</dbtable>

	<dbtable name="ACL_INSTANCE">
		<descr>Each row of the database modelise an access control list	instance.</descr>
		<column name="ACLI_ID" type="BIGINT" null="FALSE" id="TRUE">
			<descr>The unique id of the access control list instance</descr>
		</column>
		<column name="ACLI_ACL_CODE" type="VARCHAR" size="50" null="FALSE">
			<descr>The access control list this instance is related to</descr>
		</column>
		<column name="ACLI_REFCOUNT" type="BIGINT" null="FALSE">
			<descr>The number of times this acl instance is currently used</descr>
		</column>
		<primarykey name="ACLI_PK" dbname="ACLI_ID" />
		<foreignkey name="ACLI_FK1" dbname="ACLI_ACL_CODE" ftable="ACCESS_CONTROL_LIST" ffield="ACL_CODE" />
	</dbtable>

	<dbtable name="ACL_ROLE_INSTANCE">
		<descr>Each row of the database modelise an access control list	instance</descr>
		<column name="ACLRI_ID" type="BIGINT" null="FALSE" id="TRUE">
			<descr>The unique id of the row</descr>
		</column>
		<column name="ACLRI_ACLI_ID" type="BIGINT" null="FALSE">
			<descr>The id of the access control list instance this role is related to</descr>
		</column>
		<column name="ACLRI_ACLR_ID" type="BIGINT" null="FALSE">
			<descr>The id of the role</descr>
		</column>
		<column name="ACLRI_AU_CODE" type="VARCHAR" size="50">
			<descr>The code of an user that has been assigned to the role</descr>
		</column>
		<column name="ACLRI_AG_CODE" type="VARCHAR" size="50">
			<descr>The code of an user group that has been assigned to the role</descr>
		</column>
		<primarykey name="ACLRI_PK" dbname="ACLRI_ID" />
		<foreignkey name="ACLRI_FK1" dbname="ACLRI_ACLI_ID" ftable="ACL_INSTANCE" ffield="ACLI_ID" />
		<foreignkey name="ACLRI_FK2" dbname="ACLRI_ACLR_ID"	ftable="ACL_ROLE" ffield="ACLR_ID" />
		<foreignkey name="ACLRI_FK3" dbname="ACLRI_AU_CODE"	ftable="ACCESS_USER" ffield="AU_CODE" />
		<foreignkey name="ACLRI_FK4" dbname="ACLRI_AG_CODE"	ftable="ACCESS_GROUP" ffield="AG_CODE" />
	</dbtable>

	<dbtable name="BARCODE">
		<descr>Each row of this table describes a barcode generated by DocCenter</descr>
		<column name="BRCD_ID" type="BIGINT" null="FALSE" id="TRUE">
			<descr>The unique id of the barcode.</descr>
		</column>
		<column name="BRCD_STATE" type="VARCHAR" size="50" null="FALSE">
			<descr>The state the barcode</descr>
		</column>
		<column name="BRCD_TEXT" type="VARCHAR" size="254">
			<descr>The text of the barcode.</descr>
		</column>
		<column name="BRCD_OB_ID" type="BIGINT">
			<descr>The id of the object the barcode is linked to.</descr>
		</column>
		<column name="BRCD_VERSION" type="INTEGER">
			<descr>The version number of the object this barcode is linked to</descr>
		</column>
		<column name="BRCD_CRUSER" type="VARCHAR" size="50" null="FALSE">
			<descr>The creation user of the barcode</descr>
		</column>
		<column name="BRCD_CRDATE" type="TIMESTAMP" null="FALSE">
			<descr>The creation moment of the barcode</descr>
		</column>
		<primarykey name="BRCD_PK" dbname="BRCD_ID"/>
		<foreignkey name="BRCD_FK1" dbname="BRCD_OB_ID" ftable="DCOBJECT" ffield="OB_ID"/>
		<foreignkey name="BRCD_FK2" dbname="BRCD_CRUSER" ftable="ACCESS_USER" ffield="AU_CODE"/>
		<index name="BRCD_IX1" dbname="BRCD_CRDATE"/>
	</dbtable>
	
	<dbtable name="DCOBJECT_P_LINK">
		<descr>Each row of this table describes a parent-child relation between two objects.</descr>
		<column name="OPL_SRC_OB_ID" type="BIGINT" null="FALSE">
			<descr>The first object linked</descr>
		</column>
		<column name="OPL_DST_OB_ID" type="BIGINT" null="FALSE">
			<descr>The second object linked</descr>
		</column>
		<column name="OPL_SEQ" type="INTEGER" null="FALSE">
			<descr>The sequence number used to order the links in the parent</descr>
		</column>
		<foreignkey name="DCOPL_FK1" dbname="OPL_SRC_OB_ID" ftable="DCOBJECT" ffield="OB_ID"/>
		<foreignkey name="DCOPL_FK2" dbname="OPL_DST_OB_ID" ftable="DCOBJECT" ffield="OB_ID"/>
	</dbtable>

	<dbtable name="DCOBJECT_A_WORK">
		<descr>Temporary table used to compute efficiently shortcut on large document bases</descr>
		<column name="OAW_ORG_ID" type="BIGINT" null="FALSE">
			<descr>The root object</descr>
		</column>
		<column name="OAW_PAR_ID" type="BIGINT" null="FALSE">
			<descr>The parent object</descr>
		</column>
		<column name="OAW_CHD_ID" type="BIGINT" null="FALSE">
			<descr>The child object</descr>
		</column>
		<column name="OAW_ITERATION" type="INTEGER" null="FALSE">
			<descr>The iteration number</descr>
		</column>
		<foreignkey name="DCOAW_FK1" dbname="OAW_ORG_ID" ftable="DCOBJECT" ffield="OB_ID"/>
		<foreignkey name="DCOAW_FK2" dbname="OAW_PAR_ID" ftable="DCOBJECT" ffield="OB_ID"/>
		<foreignkey name="DCOAW_FK3" dbname="OAW_CHD_ID" ftable="DCOBJECT" ffield="OB_ID"/>
	</dbtable>
	
	<dbtable name="DCOBJECT_A_LINK">
		<descr>Each row of this table describes a ancestor-descendant relation between two objects.</descr>
		<column name="OAL_SRC_OB_ID" type="BIGINT" null="FALSE">
			<descr>The first object linked</descr>
		</column>
		<column name="OAL_DST_OB_ID" type="BIGINT" null="FALSE">
			<descr>The second object linked</descr>
		</column>
		<foreignkey name="DCOAL_FK1" dbname="OAL_SRC_OB_ID" ftable="DCOBJECT" ffield="OB_ID"/>
		<foreignkey name="DCOAL_FK2" dbname="OAL_DST_OB_ID" ftable="DCOBJECT" ffield="OB_ID"/>
	</dbtable>

	<dbtable name="DCOBJECT_T_LINK">
		<descr>Each row of this table describes an user configured relation between two objects</descr>
		<column name="OTL_SRC_OB_ID" type="BIGINT" null="FALSE">
			<descr>The first object linked</descr>
		</column>
		<column name="OTL_DST_OB_ID" type="BIGINT" null="FALSE">
			<descr>The second object linked</descr>
		</column>
		<column name="OTL_LC_CODE" type="VARCHAR" size="50" null="FALSE">
			<descr>The link category</descr>
		</column>
		<foreignkey name="DCOTL_FK1" dbname="OTL_SRC_OB_ID" ftable="DCOBJECT" ffield="OB_ID"/>
		<foreignkey name="DCOTL_FK2" dbname="OTL_DST_OB_ID" ftable="DCOBJECT" ffield="OB_ID"/>
		<foreignkey name="DCOTL_FK3" dbname="OTL_LC_CODE" ftable="LINK_CATEGORY" ffield="LC_CODE"/>
	</dbtable>

</sdb>