<?xml version="1.0" encoding="iso-8859-1"?>
<!DOCTYPE sdb PUBLIC "-//IRIS//XML Specifications//sdb" "http://localhost/spectools/sdb/dtd/sdb.dtd">
<sdb>
	<dbtable name="THESAURUS">
		<descr>Thesaurus basic infos</descr>
		<column name="TH_CODE" type="VARCHAR" size="50" null="FALSE">
			<descr>The unique code of the thesaurus</descr>
		</column>
		<column name="TH_STATE" type="VARCHAR" size="50" null="FALSE">
			<descr>The state of the thesaurus</descr>
		</column>
		<column name="TH_CREATEDATE" type="TIMESTAMP" null="FALSE">
			<descr>The creation date of the thesaurus</descr>
		</column>
		<column name="TH_UPDATEDATE" type="TIMESTAMP" null="FALSE">
			<descr>The last updating date of the thesaurus</descr>
		</column>
		<primarykey name="TH_PK" dbname="TH_CODE" />
	</dbtable>

	<dbtable name="THESAURUS_L">
		<descr>Localized thesaurus infos</descr>
		<column name="THL_TH_CODE" type="VARCHAR" size="50" null="FALSE">
			<descr>Foreign key to the unique code of the thesaurus</descr>
		</column>
		<column name="THL_LANGUAGE" type="CHAR" size="2" null="FALSE">
			<descr>The language of the localized infos</descr>
		</column>
		<column name="THL_LABEL" type="VARCHAR" size="50">
			<descr>label of the thesaurus</descr>
		</column>
		<column name="THL_DESCRIPTION" type="VARCHAR" size="254">
			<descr>description of the thesaurus</descr>
		</column>
		<primarykey name="THL_PK" dbname="THL_TH_CODE,THL_LANGUAGE"/>
		<foreignkey name="THL_FK1" dbname="THL_TH_CODE" ftable="THESAURUS" ffield="TH_CODE" />
	</dbtable>

	<dbtable name="THESAURUS_MICROTHESAURUS">
		<descr>A microthesaurus is a subset of a thesaurus</descr>
		<column name="THMT_ID" type="BIGINT" id="TRUE" null="FALSE">
			<descr>The unique id of this microthesaurus</descr>
		</column>
		<column name="THMT_TH_CODE" type="VARCHAR" size="50" null="FALSE">
			<descr>Foreign key to the unique code of the thesaurus</descr>
		</column>
		<column name="THMT_CODE" type="VARCHAR" size="50" null="FALSE">
			<descr>Unique code of this microthesaurus for the thesaurus</descr>
		</column>
		<column name="THMT_STATE" type="CHAR" size="1" null="FALSE">
			<descr>Status of the microthesaurus</descr>
		</column>
		<primarykey name="THMT_PK" dbname="THMT_ID"/>
		<foreignkey name="THMT_FK1" dbname="THMT_TH_CODE" ftable="THESAURUS" ffield="TH_CODE"/>
		<index name="THMT_IX1" dbname="THMT_TH_CODE,THMT_CODE" type="UNIQUE"/>
	</dbtable>

	<dbtable name="THESAURUS_MICROTHESAURUS_L">
		<descr>Localized microthesaurus infos</descr>
		<column name="THMTL_THMT_ID" type="BIGINT" null="FALSE">
			<descr>The unique id of the microthesaurus</descr>
		</column>
		<column name="THMTL_LANGUAGE" type="CHAR" size="2" null="FALSE">
			<descr>The language of the localized infos</descr>
		</column>
		<column name="THMTL_LABEL" type="VARCHAR" size="50">
			<descr>The label of the microthesaurus in the corresponding language</descr>
		</column>
		<column name="THMTL_DESCRIPTION" type="VARCHAR" size="254">
			<descr>The description of the microthesaurus in the corresponding language</descr>
		</column>
		<primarykey name="THMTL_PK" dbname="THMTL_THMT_ID,THMTL_LANGUAGE"/>
		<foreignkey name="THMTL_FK1" dbname="THMTL_THMT_ID" ftable="THESAURUS_MICROTHESAURUS" ffield="THMT_ID" />
	</dbtable>

	<dbtable name="THESAURUS_LINKTYPE">
		<descr>Link types for thesaurus</descr>
		<column name="THLT_ID" type="BIGINT" id="TRUE" null="FALSE">
			<descr>The unique id of the thesaurus link type</descr>
		</column>
		<column name="THLT_TH_CODE" type="VARCHAR" size="50" null="FALSE">
			<descr>The unique code of the thesaurus this link type is related to</descr>
		</column>
		<column name="THLT_CODE" type="VARCHAR" size="50" null="FALSE">
			<descr>The unique code of this link type for the thesaurus</descr>
		</column>
		<column name="THLT_STATE" type="CHAR" size="1" null="FALSE">
			<descr>Status of the link type</descr>
		</column>
		<column name="THLT_KIND" type="CHAR" size="1" null="FALSE">
			<descr>Kind of the link type</descr>
		</column>
		<primarykey name="THLT_PK" dbname="THLT_ID"/>
		<foreignkey name="THLT_FK1" dbname="THLT_TH_CODE" ftable="THESAURUS" ffield="TH_CODE" />
		<index name="THLT_IX1" dbname="THLT_TH_CODE,THLT_CODE" type="UNIQUE" />
	</dbtable>

	<dbtable name="THESAURUS_LINKTYPE_L">
		<descr>Localized link type infos</descr>
		<column name="THLTL_THLT_ID" type="BIGINT" null="FALSE">
			<descr>The unique id of thesaurus link type</descr>
		</column>
		<column name="THLTL_LANGUAGE" type="CHAR" size="2" null="FALSE">
			<descr>The language of the localized infos</descr>
		</column>
		<column name="THLTL_LABEL" type="VARCHAR" size="50">
			<descr>The label of the link type in the given language</descr>
		</column>
		<column name="THLTL_DESCRIPTION" type="VARCHAR" size="254">
			<descr>The description of the link type in the given language</descr>
		</column>
		<column name="THLTL_INVERSE_LABEL" type="VARCHAR" size="50">
			<descr>The inverse label of the link type in the given language</descr>
		</column>
		<column name="THLTL_INVERSE_DESCRIPTION" type="VARCHAR" size="254">
			<descr>The inverse description of the link type in the given language</descr>
		</column>
		<primarykey name="THLTL_PK" dbname="THLTL_THLT_ID,THLTL_LANGUAGE"/>
		<foreignkey name="THLTL_FK1" dbname="THLTL_THLT_ID" ftable="THESAURUS_LINKTYPE" ffield="THLT_ID" />
	</dbtable>

	<dbtable name="THESAURUS_CONCEPT_TYPE">
		<descr>Concepts types</descr>
		<column name="THCT_ID" type="BIGINT" id="TRUE" null="FALSE">
			<descr>The unique id of the concept type</descr>
		</column>
		<column name="THCT_TH_CODE" type="VARCHAR" size="50" null="FALSE">
			<descr>The unique code of the thesaurus this concept type is related to</descr>
		</column>
		<column name="THCT_CODE" type="VARCHAR" size="50" null="FALSE">
			<descr>The unique code of the concept type for the given thesaurus</descr>
		</column>
		<column name="THCT_STATE" type="CHAR" size="1" null="FALSE">
			<descr>The state of the concept type</descr>
		</column>
		<primarykey name="THCT_PK" dbname="THCT_ID"/>
		<foreignkey name="THCT_FK1" dbname="THCT_TH_CODE" ftable="THESAURUS" ffield="TH_CODE" />
		<index name="THCT_IX1" dbname="THCT_TH_CODE,THCT_CODE" type="UNIQUE" />
	</dbtable>
	
	<dbtable name="THESAURUS_CONCEPT_TYPE_L">
		<descr>Localized concept infos</descr>
		<column name="THCTL_THCT_ID" type="BIGINT" null="FALSE">
			<descr>The unique id of the concept type</descr>
		</column>
		<column name="THCTL_LANGUAGE" type="CHAR" size="2" null="FALSE">
			<descr>The language of the localized infos</descr>
		</column>
		<column name="THCTL_LABEL" type="VARCHAR" size="50">
			<descr>The label of the concept type in the given language</descr>
		</column>
		<column name="THCTL_DESCRIPTION" type="VARCHAR" size="254">
			<descr>The description of the concept type in the given language</descr>
		</column>
		<primarykey name="THCTL_PK" dbname="THCTL_THCT_ID,THCTL_LANGUAGE"/>
		<foreignkey name="THCTL_FK1" dbname="THCTL_THCT_ID" ftable="THESAURUS_CONCEPT_TYPE" ffield="THCT_ID" />
	</dbtable>

	<dbtable name="THESAURUS_CONCEPT">
		<descr>Concepts</descr>
		<column name="THC_ID" type="BIGINT" id="TRUE" null="FALSE">
			<descr>The unique id of the thesaurus concept</descr>
		</column>
		<column name="THC_TH_CODE" type="VARCHAR" size="50" null="FALSE">
			<descr>The code of the thesaurus</descr>
		</column>
		<column name="THC_CODE" type="VARCHAR" size="50" null="FALSE">
			<descr>The unique code of the concept in the given thesaurus</descr>
		</column>
		<column name="THC_MICROTHESAURUS" type="BIGINT">
			<descr>A microthesaurus associated to this concept</descr>
		</column>
		<column name="THC_TYPE" type="BIGINT">
			<descr>Concept type associated to the concept</descr>
		</column>
		<column name="THC_STATE" type="CHAR" size="1" null="FALSE">
			<descr>the state of the concept</descr>
		</column>
		<primarykey name="THC_PK" dbname="THC_ID"/>
		<foreignkey name="THC_FK1" dbname="THC_TH_CODE" ftable="THESAURUS" ffield="TH_CODE" />
		<foreignkey name="THC_FK2" dbname="THC_MICROTHESAURUS" ftable="THESAURUS_MICROTHESAURUS" ffield="THMT_ID" />
		<foreignkey name="THC_FK3" dbname="THC_TYPE" ftable="THESAURUS_CONCEPT_TYPE" ffield="THCT_ID" />
		<index name="THC_IX1" dbname="THC_TH_CODE,THC_CODE" type="UNIQUE"/>
	</dbtable>

	<dbtable name="THESAURUS_CONCEPT_L">
		<descr>Localized concept infos</descr>
		<column name="THCL_THC_ID" type="BIGINT" null="FALSE">
			<descr>The unique id of the concept</descr>
		</column>
		<column name="THCL_LANGUAGE" type="CHAR" size="2" null="FALSE">
			<descr>The language of the localized infos</descr>
		</column>
		<column name="THCL_LABEL" type="VARCHAR" size="254">
			<descr>The label of the concept in the given language</descr>
		</column>
		<column name="THCL_DESCRIPTION" type="VARCHAR" size="254">
			<descr>The description of the concept in the given language</descr>
		</column>
		<primarykey name="THCL_PK" dbname="THCL_THC_ID,THCL_LANGUAGE"/>
		<foreignkey name="THCL_FK1" dbname="THCL_THC_ID" ftable="THESAURUS_CONCEPT" ffield="THC_ID" />
	</dbtable>

	<dbtable name="THESAURUS_SYNONYMS">
		<descr>Synonyms of a concept</descr>
		<column name="THS_THC_ID" type="BIGINT" null="FALSE">
			<descr>The unique id of the concept</descr>
		</column>
		<column name="THS_LANGUAGE" type="CHAR" size="2" null="FALSE">
			<descr>The language of the synonym</descr>
		</column>
		<column name="THS_LABEL" type="VARCHAR" size="254" null="FALSE">
			<descr>The label of the synonym</descr>
		</column>
		<foreignkey name="THS_FK1" dbname="THS_THC_ID" ftable="THESAURUS_CONCEPT" ffield="THC_ID" />
	</dbtable>

	<dbtable name="THESAURUS_LINKS">
		<descr>Links between concepts</descr>
		<column name="THLNK_TYPE" type="BIGINT" null="FALSE">
			<descr>the link type of the link</descr>
		</column>
		<column name="THLNK_SOURCE" type="BIGINT" null="FALSE">
			<descr>Source concept of the link</descr>
		</column>
		<column name="THLNK_TARGET" type="BIGINT" null="FALSE">
			<descr>Target concept of the link</descr>
		</column>
		<column name="THLNK_TH_CODE" type="VARCHAR" size="50" null="FALSE">
			<descr>The thesaurus code of which this link belongs to</descr>
		</column>
		<primarykey name="THLNK_PK" dbname="THLNK_TYPE,THLNK_SOURCE,THLNK_TARGET"/>
		<foreignkey name="THLNK_FK1" dbname="THLNK_TYPE" ftable="THESAURUS_LINKTYPE" ffield="THLT_ID" />
		<foreignkey name="THLNK_FK2" dbname="THLNK_SOURCE" ftable="THESAURUS_CONCEPT" ffield="THC_ID" />
		<foreignkey name="THLNK_FK3" dbname="THLNK_TARGET" ftable="THESAURUS_CONCEPT" ffield="THC_ID" />
		<foreignkey name="THLNK_FK4" dbname="THLNK_TH_CODE" ftable="THESAURUS" ffield="TH_CODE" />
	</dbtable>
	
	<dbtable name="OBJECT_TYPE_DOC_GEN">
		<descr>Each row of this table describes a document generator for a given object type.</descr>
		<column name="OTDG_CODE" type="VARCHAR" size="50" null="FALSE">
			<descr>The unique id of the document generator.</descr>
		</column>
		<column name="OTDG_STATE" type="CHAR" size="1" null="FALSE">
			<descr>The state of the document generator.</descr>
		</column>
		<column name="OTDG_OT_CODE" type="VARCHAR" size="50" null="FALSE">
			<descr>The object type this document generator is related to.</descr>
		</column>
		<column name="OTDG_ENGINE" type="VARCHAR" size="10" null="FALSE">
			<descr>The generation engine to use.</descr>
		</column>
		<column name="OTDG_MIME_TYPE" type="VARCHAR" size="254" null="FALSE">
			<descr>The mime type of the generated document.</descr>
		</column>
		<column name="OTDG_EXTENSION" type="VARCHAR" size="10" null="FALSE">
			<descr>The file extension of the generated document.</descr>
		</column>
		<column name="OTDG_SCRIPT_PATH" type="VARCHAR" size="254" null="FALSE">
			<descr>The path of a script that can be used to extract more data related to the object.</descr>
		</column>
		<column name="OTDG_TEMPLATE_PATH" type="VARCHAR" size="254">
			<descr>The path of the template to use to generate the document.</descr>
		</column>
		<primarykey name="OTDG_PK" dbname="OTDG_CODE"/>
		<foreignkey name="OTDG_FK1" dbname="OTDG_OT_CODE" ftable="OBJECT_TYPE" ffield="OT_CODE"/>
	</dbtable>

	<dbtable name="OBJECT_TYPE_DOC_GEN_L">
		<descr>
			Each row of this table represents localized information about a document generator.
		</descr>
		<column name="OTDGL_OTDG_CODE" type="VARCHAR" size="50" null="FALSE">
			<descr>
				The unique id of the document generator.
			</descr>
		</column>
		<column name="OTDGL_LANGUAGE" type="CHAR" size="2" null="FALSE">
			<descr>
				The language of the localized information.
			</descr>
		</column>
		<column name="OTDGL_LABEL" type="VARCHAR" size="50">
			<descr>An user-friendly label of the document generator.</descr>
		</column>
		<column name="OTDGL_DESCRIPTION" type="VARCHAR" size="254">
			<descr>An user-friendly description of the document generator.</descr>
		</column>
		<primarykey name="OTDGL_PK" dbname="OTDGL_OTDG_CODE,OTDGL_LANGUAGE"/>		
		<foreignkey name="OTDGL_FK1" dbname="OTDGL_OTDG_CODE" ftable="OBJECT_TYPE_DOC_GEN" ffield="OTDG_CODE"/>
	</dbtable>
	
	<dbtable name="DCOBJECT_UNREAD">
		<descr>
			Table associating users and DCObject to mark the laters as unread.
		</descr>
		<column name="OU_OB_ID" type="BIGINT" null="FALSE">
			<descr>The id of the object</descr>
		</column>
		<column name="OU_AU_CODE" type="VARCHAR" size="50" null="FALSE">
			<descr>The code of the user.</descr>
		</column>
		<column name="OU_TIME" type="TIMESTAMP" null="FALSE">
			<descr>The creation date of the "unread" mark.</descr>
		</column>
		<primarykey name="OU_PK" dbname="OU_OB_ID,OU_AU_CODE"/>
		<foreignkey name="OU_FK1" dbname="OU_OB_ID" ftable="DCOBJECT" ffield="OB_ID"/>
		<foreignkey name="OU_FK2" dbname="OU_AU_CODE" ftable="ACCESS_USER" ffield="AU_CODE"/>
	</dbtable>
</sdb>