<?xml version="1.0" encoding="UTF-8"?>
<!DOCTYPE beans PUBLIC "-//SPRING//DTD BEAN//EN" "http://www.springframework.org/dtd/spring-beans.dtd">
<beans> 

	<!-- Declaration of the task status updater job -->
	<bean id="scheduledTaskStatusUpdaterJob" class="com.irislink.doccenter.server.helperservicesimpl.scheduler.JobScheduling">
		<property name="name"><value>TaskStatusUpdater</value></property>
		<property name="type"><value>TaskStatusUpdaterJob</value></property>
		<property name="cron"><value>30 * * * * ?</value></property> <!-- Every minute at second 30 -->
		<property name="parameters"><map/></property>
	</bean>


	<!-- Declaration of a task event notifier job -->
	<bean id="scheduledTaskEventsNotifierJob" class="com.irislink.doccenter.server.helperservicesimpl.scheduler.JobScheduling">
		<property name="name"><value>TaskEventsNotifier</value></property>
		<property name="type"><value>TaskEventsNotifierJob</value></property>
		<property name="cron"><value>0 0 5,13 * * ?</value></property>  <!-- Every day at 5 AM and 1 PM-->
		<property name="parameters">
			<map>
				<entry key="siwURL"><value>${doccenter.web.protocol}://${doccenter.web.bindname}:${doccenter.web.bindport}/index.dcw</value></entry>
				<entry key="from"><value>${doccenter.mail.out.email}</value></entry>
				<entry key="replyTo"><value>${doccenter.mail.out.email}</value></entry>
				<entry key="template"><value>/notification/taskNotify</value></entry>
				<entry key="logo"><value>/notification/logo.gif</value></entry>
			</map>
		</property>
	</bean>


	<!-- Declaration of object events notifier job -->
	<bean id="scheduledObjectEventsNotifierJob" class="com.irislink.doccenter.server.helperservicesimpl.scheduler.JobScheduling">
		<property name="name"><value>ObjectEventsNotifier</value></property>
		<property name="type"><value>ObjectEventsNotifierJob</value></property>
		<property name="cron"><value>0 0 6,14 * * ?</value></property>  <!-- Every day at 6 AM and 2 PM-->
		<property name="parameters">
			<map>
				<entry key="maxItems"><value>100</value></entry>
				<entry key="siwURL"><value>${doccenter.web.protocol}://${doccenter.web.bindname}:${doccenter.web.bindport}/index.dcw</value></entry>
				<entry key="from"><value>${doccenter.mail.out.email}</value></entry>
				<entry key="replyTo"><value>${doccenter.mail.out.email}</value></entry>
				<entry key="template"><value>/notification/objectNotify</value></entry>
				<entry key="logo"><value>/notification/logo.gif</value></entry>
			</map>
		</property>
	</bean>

	<!-- Declaration of authority list events notifier job -->
	<bean id="scheduledIndexCardEventsNotifierJob" class="com.irislink.doccenter.server.helperservicesimpl.scheduler.JobScheduling">
        <property name="name"><value>IndexCardEventsNotifierJob</value></property>
        <property name="type"><value>IndexCardEventsNotifier</value></property>
		<property name="cron"><value>0 0 7,13 * * ?</value></property>  <!-- Every day at 7 AM and 1 PM-->
		<property name="parameters">
			<map>
				<entry key="maxItems"><value>100</value></entry>
				<entry key="siwURL"><value>${doccenter.web.protocol}://${doccenter.web.bindname}:${doccenter.web.bindport}/index.dcw</value></entry>
				<entry key="from"><value>${doccenter.mail.out.email}</value></entry>
				<entry key="replyTo"><value>${doccenter.mail.out.email}</value></entry>
				<entry key="logo"><value>/notification/logo.gif</value></entry>
				<entry key="template"><value>/notification/authlistNotify</value></entry>
				<entry key="fieldsToNotify">
					<set>
						<value>demo40_document_cfam</value>
					</set>
				</entry>
			</map>
		</property>
	</bean>

	<!-- Declaration of the unread marks cleaner job -->
	<bean id="scheduledUnreadCleanerJob" class="com.irislink.doccenter.server.helperservicesimpl.scheduler.JobScheduling">
		<property name="name"><value>UnreadCleaner</value></property>
		<property name="type"><value>UnreadCleanerJob</value></property>
		<property name="cron"><value>0 30 7,14 * * ?</value></property> <!-- Every day at 7:30 AM and 2:30 PM-->
	</bean>

	<!-- Declaration of an executable launcher job -->
	<bean id="scheduledRunnerJob" class="com.irislink.doccenter.server.helperservicesimpl.scheduler.JobScheduling">
		<property name="name"><value>NotifyRunner</value></property>
		<property name="type"><value>NotifyRunnerJob</value></property>
		<property name="cron"><value>0 * * * * ?</value></property> <!-- Every minute -->
		<property name="parameters">
			<map>
				<entry key="typeMatches">
					<list>
						<value>I</value>
						<value>F</value>
					</list>					
				</entry>
				<entry key="modelMatches">
					<list>
						<value>db32md1_dossier</value>
						<value>db32md1_document</value>
					</list>
				</entry>
				<entry key="eventMatches">
					<list>
						<value>C</value>
						<value>R</value>
						<value>U</value>
						<value>D</value>
					</list>
				</entry>
				<entry key="fullPath">
					<value>C:\WINDOWS\system32\notepad.exe</value>
				</entry>				
			</map>
		</property>
	</bean>

	<!-- Declaration of the LDAP user import job -->
	<bean id="scheduledLDAPUserImportJob" class="com.irislink.doccenter.server.helperservicesimpl.scheduler.JobScheduling">
		<property name="name"><value>LDAPUserImport</value></property>
		<property name="type"><value>LDAPUserImportJob</value></property>
		<property name="cron"><value>0 0 1 ? * SUN</value></property> <!-- Every Sunday at 1 AM -->
		<property name="parameters">
			<map>
				<entry key="connectionURL"><value>ldap://${doccenter.ldap.connection.mainserver}:${doccenter.ldap.connection.mainport}/</value></entry>
				<entry key="alternateURL"><value>ldap://${doccenter.ldap.connection.alternateserver}:${doccenter.ldap.connection.alternateport}/</value></entry>
				<entry key="connectionName"><value>${doccenter.ldap.connection.name}</value></entry>
				<entry key="connectionPassword"><value>${doccenter.ldap.connection.password}</value></entry>
				<entry key="userBase"><value>${doccenter.ldap.user.root}</value></entry>
				<entry key="userSearch"><value>${doccenter.ldap.user.query}</value></entry>
				<entry key="userSubtree"><value>${doccenter.ldap.user.subtree}</value></entry>
				<entry key="userNameAttribute"><value>${doccenter.ldap.user.attribute.code}</value></entry>
				<entry key="userDescriptionAttribute"><value>${doccenter.ldap.user.attribute.description}</value></entry>
				<entry key="userMailAttribute"><value>${doccenter.ldap.user.attribute.email}</value></entry>
				<entry key="userGroupNamesAttribute"><value>${doccenter.ldap.user.attribute.group}</value></entry>
				<entry key="groupBase"><value>${doccenter.ldap.group.root}</value></entry>
				<entry key="groupSearch"><value>${doccenter.ldap.group.query}</value></entry>
				<entry key="groupSubtree"><value>${doccenter.ldap.group.subtree}</value></entry>
				<entry key="groupGroupNamesAttribute"><value>${doccenter.ldap.group.attribute.group}</value></entry>
				<entry key="handleGroupsOfGroups"><value>${doccenter.ldap.sync.groupsofgroups}</value></entry>
			</map>
		</property>
	</bean>
	
	<!-- Declaration of the old ticket cleaner job -->
	<bean id="scheduledTicketCleanerJob" class="com.irislink.doccenter.server.helperservicesimpl.scheduler.JobScheduling">
		<property name="name"><value>Ticketcleaner</value></property>
		<property name="type"><value>TicketCleanerJob</value></property>
		<property name="cron"><value>0 30 7 * * ?</value></property> <!-- Every day at 7:30 AM and 2:30 PM-->
	</bean>
				
	<!-- Declaration of the send to doccenter job -->
	<bean id="send2DocCenterHandler" class="com.irislink.doccenter.server.jobs.send2doccenter.StandardMailImportHandler" singleton="false">
		<constructor-arg type="com.irislink.doccenter.server.ServiceContext"><ref bean="ServiceContext"/></constructor-arg>
		<constructor-arg type="com.irislink.doccenter.common.services.DCObjectTypeService"><ref bean="DCObjectTypeService"/></constructor-arg>
		<constructor-arg type="com.irislink.doccenter.common.services.IndexationModelService"><ref bean="IndexationModelService"/></constructor-arg>
		<constructor-arg type="com.irislink.doccenter.common.services.TaskService"><ref bean="TaskService"/></constructor-arg>
		<property name="indexObjectType"><value>I:document</value></property>
		<property name="dataObjectType"><value>F</value></property>
		<property name="taskType"><value>distribuer</value></property>
		<property name="taskComment"><value>Importé par send2doccenter...</value></property>
	</bean>	
	<bean id="scheduledSend2DocCenterJob" class="com.irislink.doccenter.server.helperservicesimpl.scheduler.JobScheduling">
		<property name="name"><value>Send2DocCenter</value></property>
		<property name="type"><value>Send2DocCenterJob</value></property>
		<property name="cron"><value>0 0,15,30,45 * * * ?</value></property> <!-- Every hour at 0, 15, 30, 45 -->
		<property name="parameters">
			<map>
				<entry key="database"><value>db32md1</value></entry>
				<entry key="siwURL"><value>${doccenter.web.protocol}://${doccenter.web.bindname}:${doccenter.web.bindport}/index.dcw</value></entry>
				<entry key="from"><value>${doccenter.mail.out.email}</value></entry>
				<entry key="replyTo"><value>${doccenter.mail.out.email}</value></entry>
				<entry key="incomingMailProtocol"><value>${doccenter.mail.in.protocol}</value></entry>
				<entry key="incomingMailHost"><value>${doccenter.mail.in.host}</value></entry>
				<entry key="incomingMailPort"><value>${doccenter.mail.in.port}</value></entry>
				<entry key="incomingMailUsername"><value>${doccenter.mail.in.username}</value></entry>
				<entry key="incomingMailPassword"><value>${doccenter.mail.in.password}</value></entry>
				<entry key="incomingMailFolder"><value>${doccenter.mail.in.inbox}</value></entry>
				<entry key="defaultImportLocation"><value>2</value></entry>
				<entry key="xslt"><value>/send2doccenter/report</value></entry>
				<entry key="logo"><value>/send2doccenter/logo.gif</value></entry>
				<entry key="mailImportHandler"><ref bean="send2DocCenterHandler"/></entry>
			</map>
		</property>
	</bean>
	
	<!-- Declaration of the rendition request searcher job -->
	<bean id="scheduledRenditionRequestHandlerJob" class="com.irislink.doccenter.server.helperservicesimpl.scheduler.JobScheduling">
		<property name="name"><value>RenditionRequestHandler</value></property>
		<property name="type"><value>RenditionRequestHandlerJob</value></property>
		<property name="cron"><value>30 0,5 * * * ?</value><!-- 0 0,15,30,45 * * * ? --></property> <!-- Every hour at 0, 15, 30, 45 -->
	</bean>

	<!-- Declaration of the full text index updater job -->
	<bean id="scheduledFullTextIndexUpdaterJob" class="com.irislink.doccenter.server.helperservicesimpl.scheduler.JobScheduling">
		<property name="name"><value>FullTextIndexUpdater</value></property>
		<property name="type"><value>FullTextIndexUpdaterJob</value></property>
		<property name="cron"><value>0 0,15,30,45 * * * ?</value></property><!-- 0 5,20,35,40 * * * ? --><!-- Every hour at 5, 20, 35, 40 -->
	</bean>
	
	<!-- Declaration of the full text index optimizer job -->
	<bean id="scheduledFullTextIndexOptimizerJob" class="com.irislink.doccenter.server.helperservicesimpl.scheduler.JobScheduling">
		<property name="name"><value>FullTextIndexOptimizer</value></property>
		<property name="type"><value>FullTextIndexOptimizerJob</value></property>
		<property name="cron"><value>0 0 19 * * ?</value></property><!-- Every day at 7pm -->
	</bean>

	<!-- Declaration of the space collector job -->
	<bean id="scheduledSpaceCollectorJob" class="com.irislink.doccenter.server.helperservicesimpl.scheduler.JobScheduling">
		<property name="name"><value>SpaceCollector</value></property>
		<property name="type"><value>SpaceCollectorJob</value></property>
		<property name="cron"><value>0 0 20 * * ?</value></property><!-- Every day at 7pm -->
	</bean>
	
	<!-- Declaration of the ACL collector job -->
	<bean id="scheduledACLCollectorJob" class="com.irislink.doccenter.server.helperservicesimpl.scheduler.JobScheduling">
		<property name="name"><value>ACLCollector</value></property>
		<property name="type"><value>ACLCollectorJob</value></property>
	        <property name="cron"><value>0 0/30 18,19,23,0,1,2,3,4 * * ?</value></property> <!-- CCF 123509 -->
	        <!-- property name="cron"><value>0 0/5 * * * ?</value></property-->  <!-- Command Center - run these settings on sunday 26/02 only !! #JHA -->
	</bean>
	
	 <!-- Declaration of the unread marks cleaner job -->
    <bean id="scheduledEventLogCleanerJob" class="com.irislink.doccenter.server.helperservicesimpl.scheduler.JobScheduling">
        <property name="name"><value>EventLogCleaner</value></property>
        <property name="type"><value>EventLogCleanerJob</value></property>
        <property name="cron"><value>0 0/30 18,19,23,0,1,2,3,4 * * ?</value></property> <!-- Every Sunday at 1 AM -->
    </bean>
	
	 <bean id="scheduledSecurityCreator" class="com.irislink.doccenter.server.helperservicesimpl.scheduler.JobScheduling">
        <property name="name"><value>SecurityCreator</value></property>
        <property name="type"><value>SecurityCreator</value></property>
        <property name="cron"><value>0 * * * * ?</value></property> <!-- Every Sunday at 1 AM -->
    </bean>

	<!-- The scheduler service -->
	<bean id="MainScheduler" class="com.irislink.doccenter.server.helperservicesimpl.scheduler.SchedulerService" >
		<constructor-arg type="com.irislink.doccenter.server.ServiceContext"><ref bean="ServiceContext"/></constructor-arg>
		<constructor-arg type="com.irislink.doccenter.common.services.UserService"><ref bean="UserService"/></constructor-arg>
		<property name="enabled">
			<value>${doccenter.scheduler.enabled}</value>
		</property>
		<property name="jobs">
			<list>
				<!-- ref bean="scheduledTaskStatusUpdaterJob"/ -->
				<!-- ref bean="scheduledTaskEventsNotifierJob"/ -->
				<!-- ref bean="scheduledObjectEventsNotifierJob"/ -->
				<!-- ref bean="scheduledAuthoritylistEventsNotifierJob"/ -->
				<!-- ref bean="scheduledUnreadCleanerJob"/ -->
				<ref bean="scheduledTicketCleanerJob"/>
				<!-- ref bean="scheduledLDAPUserImportJob"/ -->
				<!-- ref bean="scheduledSend2DocCenterJob"/ -->
				<!-- ref bean="scheduledRunnerJob"/ -->
				<!--ref bean="scheduledEventLogCleanerJob"/-->
				<!--ref bean="scheduledFullTextIndexUpdaterJob"/-->
				<!--ref bean="scheduledFullTextIndexOptimizerJob"/-->
				<!--ref bean="scheduledRenditionRequestHandlerJob"/-->
				<ref bean="scheduledSpaceCollectorJob"/>
				<ref bean="scheduledACLCollectorJob"/><!-- ACLCollectorJob is ENABLED -->
				<!--ref bean="scheduledSecurityCreator"/-->
			</list>
		</property>		
		<property name="onStartCommands">
			<list/>
		</property>
		<property name="onEndCommands">
			<list/>
		</property>
	</bean>
</beans>

