<?xml version="1.0" encoding="utf-8"?>
<predefinedSearch>
  <properties>
    <objectType>
      <code>Q</code>
    </objectType>
    <labels>
      <label>
        <language>FR</language>
        <value>Catalog</value>
      </label>
      <label>
        <language>NL</language>
        <value>Catalog</value>
      </label>
      <label>
        <language>EN</language>
        <value>Catalog</value>
      </label>
      <label>
        <language>DE</language>
        <value>Catalog</value>
      </label>
    </labels>
  </properties>
  <savedQueryData>
    <filter sdstype="MDCObjectSearchFilterGroup">
      <code>
        <code>2497</code>
      </code>
      <operator>1</operator>
      <filters>
        <filter sdstype="MDCObjectSearchFilterOnObjectType">
          <code>
            <code>2498</code>
          </code>
          <operator>1</operator>
          <filters>
            <filter sdstype="MDCObjectSearchFilterGroup">
              <code>
                <code>2499</code>
              </code>
              <operator>1</operator>
              <filters>
                <filter sdstype="MDCObjectSearchFilterOnField">
                  <code>
                    <code>2500</code>
                  </code>
                  <field>
                    <code>__TYPE_INDEX_MODEL__</code>
                  </field>
                  <operator>eq</operator>
                  <values>
                    <value>indexevent</value>
                  </values>
                  <editMode>C</editMode>
                </filter>
              </filters>
            </filter>
          </filters>
        </filter>
        <filter sdstype="MDCObjectSearchFilterOnField">
          <code>
            <code>2501</code>
          </code>
          <field>
            <code>Tiers</code>
          </field>
          <operator>eq</operator>
          <editMode>V</editMode>
        </filter>
        <filter sdstype="MDCObjectSearchFilterOnField">
          <code>
            <code>2502</code>
          </code>
          <field>
            <code>tiersSec</code>
          </field>
          <operator>eq</operator>
          <editMode>V</editMode>
        </filter>
        <filter sdstype="MDCObjectSearchFilterOnField">
          <code>
            <code>2503</code>
          </code>
          <field>
            <code>docSens</code>
          </field>
          <operator>eq</operator>
          <editMode>V</editMode>
        </filter>
        <filter sdstype="MDCObjectSearchFilterOnField">
          <code>
            <code>2504</code>
          </code>
          <field>
            <code>folderType</code>
          </field>
          <operator>eq</operator>
          <editMode>V</editMode>
        </filter>
        <filter sdstype="MDCObjectSearchFilterOnField">
          <code>
            <code>2505</code>
          </code>
          <field>
            <code>docTyp</code>
          </field>
          <operator>eq</operator>
          <editMode>V</editMode>
        </filter>
        <filter sdstype="MDCObjectSearchFilterOnField">
          <code>
            <code>2506</code>
          </code>
          <field>
            <code>docSta</code>
          </field>
          <operator>eq</operator>
          <editMode>V</editMode>
        </filter>
        <filter sdstype="MDCObjectSearchFilterOnField">
          <code>
            <code>2507</code>
          </code>
          <field>
            <code>docMed</code>
          </field>
          <operator>eq</operator>
          <editMode>V</editMode>
        </filter>
           <filter sdstype="MDCObjectSearchFilterOnField">
          <code>
            <code>2508</code>
          </code>
          <field>
            <code>__CREATION_DATE__</code>
          </field>
          <operator>ir</operator>
          <editMode>V</editMode>
        </filter>
        <filter sdstype="MDCObjectSearchFilterOnField">
          <code>
            <code>2509</code>
          </code>
          <field>
            <code>rcvDat</code>
          </field>
          <operator>ir</operator>
          <editMode>V</editMode>
        </filter>
        <filter sdstype="MDCObjectSearchFilterOnField">
          <code>
            <code>2510</code>
          </code>
          <field>
            <code>sndDat</code>
          </field>
          <operator>ir</operator>
          <editMode>V</editMode>
        </filter>
        <filter sdstype="MDCObjectSearchFilterOnField">
          <code>
            <code>2511</code>
          </code>
          <field>
            <code>frOffDoc</code>
          </field>
          <operator>eq</operator>
          <editMode>V</editMode>
        </filter>
        <filter sdstype="MDCObjectSearchFilterOnField">
          <code>
            <code>2512</code>
          </code>
          <field>
            <code>folRef</code>
          </field>
          <operator>eq</operator>
          <editMode>V</editMode>
        </filter>
        <filter sdstype="MDCObjectSearchFilterOnField">
          <code>
            <code>2513</code>
          </code>
          <field>
            <code>id</code>
          </field>
          <operator>eq</operator>
          <editMode>V</editMode>
        </filter>
        <filter sdstype="MDCObjectSearchFilterOnField">
          <code>
            <code>2514</code>
          </code>
          <field>
            <code>recStat</code>
          </field>
          <operator>eq</operator>
          <editMode>V</editMode>
        </filter>
        <filter sdstype="MDCObjectSearchFilterOnField">
          <code>
            <code>2515</code>
          </code>
          <field>
            <code>DCNBR</code>
          </field>
          <operator>eq</operator>
          <editMode>V</editMode>
        </filter>
        <filter sdstype="MDCObjectSearchFilterOnField">
          <code>
            <code>2515</code>
          </code>
          <field>
            <code>StatusWorkflow</code>
          </field>
          <operator>eq</operator>
          <editMode>V</editMode>
        </filter>
      </filters>
    </filter>
    <fieldsToDisplay>
      <fieldToDisplay>
        <code>__DESCRIPTION__</code>
      </fieldToDisplay>
      <fieldToDisplay>
        <code>StatusWorkflow</code>
      </fieldToDisplay>
      <fieldToDisplay>
        <code>Tiers</code>
      </fieldToDisplay>
      <fieldToDisplay>
        <code>rcvDat</code>
      </fieldToDisplay>
      <fieldToDisplay>
        <code>sndDat</code>
      </fieldToDisplay>
      <fieldToDisplay>
        <code>printQ</code>
      </fieldToDisplay>
      <fieldToDisplay>
        <code>docSta</code>
      </fieldToDisplay>
      <fieldToDisplay>
        <code>docMed</code>
      </fieldToDisplay>
      <fieldToDisplay>
        <code>recStat</code>
      </fieldToDisplay>
      <fieldToDisplay>
        <code>id</code>
      </fieldToDisplay>
    </fieldsToDisplay>
    <sortOptions>
      <sortOption>
        <field>
          <code>rcvDat</code>
        </field>
        <mode>D</mode>
        <groupBy>false</groupBy>
      </sortOption>
    </sortOptions>
    <filterVersionsAndRenditions>true</filterVersionsAndRenditions>
    <deletedObjects>0</deletedObjects>
  </savedQueryData>
</predefinedSearch>