<?xml version="1.0" encoding="iso-8859-1"?>
<!DOCTYPE sdb PUBLIC "-//IRIS//XML Specifications//sdb" "http://localhost/spectools/sdb/dtd/sdb.dtd">
<sdb>
	<dbtable name="DCCONF">
        <descr>Each row of this table represents a property used to configure the server</descr>
        <column name="DCC_KEY" type="VARCHAR" null="FALSE" size="255">
            <descr>The name of the property</descr>
        </column>
        <column name="DCC_VALUE" type="VARCHAR" null="TRUE" size="255">
            <descr>The value of the property</descr>
        </column>
        <primarykey name="DCC_PK" dbname="DCC_KEY" />
    </dbtable>
</sdb>