﻿<?xml version="1.0" encoding="utf-8"?>
<accessclass>
  <indexationModel>
    <code>indexevent</code>
  </indexationModel>
  <labels>
    <label>
      <language>FR</language>
      <value>Évènement</value>
    </label>
    <label>
      <language>NL</language>
      <value>Gebeurtenis</value>
    </label>
    <label>
      <language>EN</language>
      <value>Event</value>
    </label>
	<label>
      <language>DE</language>
      <value>Évènement</value>
    </label>
  </labels>
  <view>g_cat</view>
  <code>
    <code>Event</code>
  </code>
</accessclass>