﻿<?xml version="1.0" encoding="utf-8"?>
<accessclass>
  <indexationModel>
    <code>idxmember</code>
  </indexationModel>
  <labels>
    <label>
      <language>FR</language>
      <value>Membre</value>
    </label>
    <label>
      <language>NL</language>
      <value>Lid</value>
    </label>
    <label>
      <language>EN</language>
      <value>Member</value>
    </label>
	<label>
      <language>DE</language>
      <value>Membre</value>
    </label>
  </labels>
  <view>member</view>
  <code>
    <code>Member</code>
  </code>
</accessclass>