﻿<?xml version="1.0" encoding="utf-8"?>
<accessclass>
  <indexationModel>
    <code>idxmut</code>
  </indexationModel>
  <labels>
    <label>
      <language>FR</language>
      <value>Mut</value>
    </label>
    <label>
      <language>NL</language>
      <value>Zkf</value>
    </label>
    <label>
      <language>EN</language>
      <value>Mut</value>
    </label>
	<label>
      <language>DE</language>
      <value>Mut</value>
    </label>
  </labels>
  <view>MUT</view>
  <code>
    <code>Mut</code>
  </code>
</accessclass>