﻿<?xml version="1.0" encoding="utf-8"?>
<accessclass>
  <indexationModel>
    <code>idxfolderref</code>
  </indexationModel>
  <labels>
    <label>
      <language>FR</language>
      <value>Référence dossier</value>
    </label>
    <label>
      <language>NL</language>
      <value>Referentie dossier</value>
    </label>
    <label>
      <language>EN</language>
      <value>Folder reference</value>
    </label>
	<label>
      <language>DE</language>
      <value>Référence dossier</value>
    </label>
  </labels>
  <view>folderref</view>
  <code>
    <code>RefFile</code>
  </code>
</accessclass>