<?xml version="1.0" encoding="iso-8859-1"?>
<!DOCTYPE sdb PUBLIC "-//IRIS//XML Specifications//sdb" "http://localhost/spectools/sdb/dtd/sdb.dtd">
<sdb>
    <dbtable name="DCOBJECT_CLASS">
        <descr>Object class</descr>
        <column name="OC_CODE" type="VARCHAR" size="50" null="FALSE">
            <descr>The unique code of the object class</descr>
        </column>
        <column name="OC_STATE" type="VARCHAR" size="50" null="FALSE">
            <descr>The state of the object class</descr>
        </column>
        <column name="OC_IM_CODE" type="VARCHAR" size="50" null="TRUE">
        	<descr>The indexation model related to the object class</descr>
        </column>
         <column name="OC_DATE" type="TIMESTAMP" null="FALSE">
			<descr>Indicates last update date of this class of object type</descr>
		</column>
        <primarykey name="OC_PK" dbname="OC_CODE"/>
        <foreignkey name="OC_FK1" dbname="OC_IM_CODE" ftable="INDEXATION_MODEL" ffield="IM_CODE" />
    </dbtable>
   
    <dbtable name="DCOBJECT_CLASS_L">
		<descr>
			Each row of this table represents localized information about an object class.
		</descr>
		<column name="OCL_OC_CODE" type="VARCHAR" size="50" null="FALSE">
			<descr>
				The id of the object class.				
			</descr>
		</column>
		<column name="OCL_LANGUAGE" type="CHAR" size="2" null="FALSE">
			<descr>
				The language of the localized information.
			</descr>
		</column>
		<column name="OCL_LABEL" type="VARCHAR" size="50">
			<descr>
				A short label describing the object class.
			</descr>
		</column>
		<column name="OCL_DESCRIPTION" type="VARCHAR" size="254">
			<descr>
				An user-friendly description of the object class.
			</descr>
		</column>
		<primarykey name="OCL_IX1" dbname="OCL_OC_CODE,OCL_LANGUAGE"/>
		<foreignkey name="OCL_FK1" dbname="OCL_OC_CODE" ftable="DCOBJECT_CLASS" ffield="OC_CODE"/>
    </dbtable>
    
    <dbtable name="GROUP_SEC_RULE">
        <descr>Security rules related to user groups</descr>
        <column name="GSR_AG_CODE" type="VARCHAR" size="50" null="FALSE">
            <descr>The user group concerned by this security rule</descr>
        </column>
        <column name="GSR_SEQ" type="INTEGER" null="FALSE">
            <descr>The sequence number of this rule</descr>
        </column>
        <column name="GSR_RES" type="INTEGER" null="FALSE">
        	<descr>The resources concerned by this rule</descr>
        </column>
        <column name="GSR_OC_CODE" type="VARCHAR"  size="50" null="TRUE">
        	<descr>The object class related to this security rule</descr>
        </column>
        <column name="GSR_OT_CODE" type="VARCHAR" size="50" null="TRUE">
        	<descr>The object type related to this security rule</descr>
        </column>
        <column name="GSR_SUBRES" type="VARCHAR" size="10"  null="TRUE">
        	<descr>The sub resources concerned by this rule</descr>
        </column>
        <column name="GSR_CREATE" type="CHAR" size="1" null="FALSE">
        	<descr>Create permission (G,D,U:Grant,Deny,Unspecified)</descr>
        </column>
        <column name="GSR_READ" type="CHAR" size="1" null="FALSE">
        	<descr>Read permission (G,D,U:Grant,Deny,Unspecified)</descr>
        </column>
        <column name="GSR_UPDATE" type="CHAR" size="1" null="FALSE">
        	<descr>Update permission (G,D,U:Grant,Deny,Unspecified)</descr>
        </column>
        <column name="GSR_DELETE" type="CHAR" size="1" null="FALSE">
        	<descr>Delete permission (G,D,U:Grant,Deny,Unspecified)</descr>
        </column>
        <column name="GSR_MOVE" type="CHAR" size="1" null="FALSE">
        	<descr>Move permission (G,D,U:Grant,Deny,Unspecified)</descr>
        </column>
        <column name="GSR_EXECUTE" type="CHAR" size="1" null="FALSE">
        	<descr>Execute permission (G,D,U:Grant,Deny,Unspecified)</descr>
        </column>        
        <primarykey name="GSR_PK" dbname="GSR_AG_CODE,GSR_SEQ"/>
        <foreignkey name="GSR_FK1" dbname="GSR_AG_CODE" ftable="ACCESS_GROUP" ffield="AG_CODE" />
        <foreignkey name="GSR_FK2" dbname="GSR_OC_CODE" ftable="DCOBJECT_CLASS" ffield="OC_CODE" />
        <foreignkey name="GSR_FK3" dbname="GSR_OT_CODE" ftable="OBJECT_TYPE" ffield="OT_CODE" />
    </dbtable>
   
    <dbtable name="USER_SEC_RULE">
        <descr>Security rules related to users</descr>
        <column name="USR_AU_CODE" type="VARCHAR" size="50" null="FALSE">
            <descr>The user concerned by this security rule</descr>
        </column>
        <column name="USR_SEQ" type="INTEGER" null="FALSE">
            <descr>The sequence number of this rule</descr>
        </column>
        <column name="USR_RES" type="INTEGER" null="FALSE">
        	<descr>The resources concerned by this rule</descr>
        </column>
        <column name="USR_OC_CODE" type="VARCHAR"  size="50" null="TRUE">
        	<descr>The object class related to this security rule</descr>
        </column>
        <column name="USR_OT_CODE" type="VARCHAR" size="50" null="TRUE">
        	<descr>The object type related to this security rule</descr>
        </column>
        <column name="USR_SUBRES" type="VARCHAR" size="10"  null="TRUE">
        	<descr>The sub resources concerned by this rule</descr>
        </column>
        <column name="USR_CREATE" type="CHAR" size="1" null="FALSE">
        	<descr>Create permission (G,D,U:Grant,Deny,Unspecified)</descr>
        </column>
        <column name="USR_READ" type="CHAR" size="1" null="FALSE">
        	<descr>Read permission (G,D,U:Grant,Deny,Unspecified)</descr>
        </column>
        <column name="USR_UPDATE" type="CHAR" size="1" null="FALSE">
        	<descr>Update permission (G,D,U:Grant,Deny,Unspecified)</descr>
        </column>
        <column name="USR_DELETE" type="CHAR" size="1" null="FALSE">
        	<descr>Delete permission (G,D,U:Grant,Deny,Unspecified)</descr>
        </column>
        <column name="USR_MOVE" type="CHAR" size="1" null="FALSE">
        	<descr>Move permission (G,D,U:Grant,Deny,Unspecified)</descr>
        </column>
        <column name="USR_EXECUTE" type="CHAR" size="1" null="FALSE">
        	<descr>Execute permission (G,D,U:Grant,Deny,Unspecified)</descr>
        </column>        
        <primarykey name="USR_PK" dbname="USR_AU_CODE,USR_SEQ"/>
        <foreignkey name="USR_FK1" dbname="USR_AU_CODE" ftable="ACCESS_USER" ffield="AU_CODE" />
        <foreignkey name="USR_FK2" dbname="USR_OC_CODE" ftable="DCOBJECT_CLASS" ffield="OC_CODE" />
        <foreignkey name="USR_FK3" dbname="USR_OT_CODE" ftable="OBJECT_TYPE" ffield="OT_CODE" />
    </dbtable>
    
	<dbtable name="ACL_SEC_RULE">
		<descr>
			Each row of the database represents a security rule
		</descr>
		<column name="ACLSR_ACL_CODE" type="VARCHAR" size="50" null="FALSE">
			<descr>Foreign key to the acl</descr>
		</column>
        <column name="ACLSR_SEQ" type="INTEGER" null="FALSE">
            <descr>The sequence number of this rule</descr>
        </column>
        <column name="ACLSR_RES" type="INTEGER" null="FALSE">
        	<descr>The resources concerned by this rule</descr>
        </column>
        <column name="ACLSR_OC_CODE" type="VARCHAR"  size="50" null="TRUE">
        	<descr>The object class related to this security rule</descr>
        </column>
        <column name="ACLSR_OT_CODE" type="VARCHAR" size="50" null="TRUE">
        	<descr>The object type related to this security rule</descr>
        </column>
        <column name="ACLSR_SUBRES" type="VARCHAR" size="10" null="TRUE">
        	<descr>The sub resources concerned by this rule</descr>
        </column>
        <column name="ACLSR_CREATE" type="CHAR" size="1" null="FALSE">
        	<descr>Create permission (G,D,U:Grant,Deny,Unspecified)</descr>
        </column>
        <column name="ACLSR_READ" type="CHAR" size="1" null="FALSE">
        	<descr>Read permission (G,D,U:Grant,Deny,Unspecified)</descr>
        </column>
        <column name="ACLSR_UPDATE" type="CHAR" size="1" null="FALSE">
        	<descr>Update permission (G,D,U:Grant,Deny,Unspecified)</descr>
        </column>
        <column name="ACLSR_DELETE" type="CHAR" size="1" null="FALSE">
        	<descr>Delete permission (G,D,U:Grant,Deny,Unspecified)</descr>
        </column>
        <column name="ACLSR_MOVE" type="CHAR" size="1" null="FALSE">
        	<descr>Move permission (G,D,U:Grant,Deny,Unspecified)</descr>
        </column>
        <column name="ACLSR_EXECUTE" type="CHAR" size="1" null="FALSE">
        	<descr>Execute permission (G,D,U:Grant,Deny,Unspecified)</descr>
        </column>        
		<column name="ACLSR_PARTY" type="CHAR" size="1" null="FALSE">
			<descr>Indicates the acl type : user (U) or group (G) or role (R)</descr>
		</column>
		<column name="ACLSR_AU_CODE" type="VARCHAR" size="50">
			<descr>Foreign key to the user</descr>
		</column>
		<column name="ACLSR_AG_CODE" type="VARCHAR" size="50">
			<descr>Foreign key to the group</descr>
		</column>
		<column name="ACLSR_ACLR_ID" type="BIGINT">
			<descr>Foreign key to the role</descr>
		</column>
        <primarykey name="ACLSR_PK" dbname="ACLSR_ACL_CODE,ACLSR_SEQ"/>
        <foreignkey name="ACLSR_FK1" dbname="ACLSR_ACL_CODE" ftable="ACCESS_CONTROL_LIST" ffield="ACL_CODE" />
        <foreignkey name="ACLSR_FK2" dbname="ACLSR_OC_CODE" ftable="DCOBJECT_CLASS" ffield="OC_CODE" />
        <foreignkey name="ACLSR_FK3" dbname="ACLSR_OT_CODE" ftable="OBJECT_TYPE" ffield="OT_CODE" />
		<foreignkey name="ACLSR_FK4" dbname="ACLSR_AU_CODE" ftable="ACCESS_USER" ffield="AU_CODE"/>
		<foreignkey name="ACLSR_FK5" dbname="ACLSR_AG_CODE" ftable="ACCESS_GROUP" ffield="AG_CODE"/>
		<foreignkey name="ACLSR_FK6" dbname="ACLSR_ACLR_ID" ftable="ACL_ROLE" ffield="ACLR_ID"/>
	</dbtable>
	
	<dbtable name="ACCESS_TICKETS">
		<descr>
			Each row of the table modelize a ticket granting access to DocCenter
		</descr>
		<column name="AT_TICKET" type="VARCHAR" size="128" null="FALSE">
			<descr>
				The ticket granting access
			</descr>
		</column>
		<column name="AT_AU_CODE" type="VARCHAR" size="50" null="FALSE">
			<descr>
				The user associated with the ticket
			</descr>
		</column>
		<column name="AT_VALIDITY_DATE" type="TIMESTAMP" null="TRUE">
			<descr>
				The date of validity of the ticket
			</descr>
		</column>
		<column name="AT_ONE_TIME" type="BOOL" null="FALSE">
			<descr>
				True if the ticket is only valid one time.  False otherwise.
			</descr>
		</column>
		<primarykey name="AT_PK" dbname="AT_TICKET" />
		<foreignkey name="AT_FK1" dbname="AT_AU_CODE" ftable="ACCESS_USER" ffield="AU_CODE"/>
	</dbtable>
    
</sdb>