<?xml version="1.0" encoding="iso-8859-1"?>
<!DOCTYPE sdb PUBLIC "-//IRIS//XML Specifications//sdb" "http://localhost/spectools/sdb/dtd/sdb.dtd">
<sdb>
   <dbtable name="RETENTION_DEFINITION">
        <descr>Defines a retention policy</descr>
        <column name="RD_ID" type="BIGINT" null="FALSE" id="TRUE">
            <descr>The id of the retention definition</descr>
        </column>
        <column name="RD_CODE" type="VARCHAR" size="50" null="FALSE">
            <descr>The unique name of the retention definition</descr>
        </column>
		<column name="RD_STATE" type="VARCHAR" size="50" null="FALSE">
            <descr>The current state of the retention definition</descr>
        </column>        
        <column name="RD_RETMIN" type="INTEGER" null="FALSE">
            <descr>The duration of the retmin period.</descr>
        </column>
        <column name="RD_RETVER" type="INTEGER" null="FALSE">
            <descr>The duration of the retver period.</descr>
        </column>
        <column name="RD_ACTION" type="CHAR" size="1" null="FALSE">
        	<descr>The action to perform once the retention has expired.</descr>
        </column>
        <primarykey name="RD_PK" dbname="RD_ID" />
        <index name="RD_IX1" dbname="RD_CODE" type="UNIQUE"/>
    </dbtable>

    <dbtable name="RETENTION_DEFINITION_L">
        <descr>Each row of this table represents localized information about a retention definition.</descr>
        <column name="RDL_RD_ID" type="BIGINT" null="FALSE">
            <descr>
                The code of the retention definition.
            </descr>
        </column>
        <column name="RDL_LANGUAGE" type="CHAR" size="2" null="FALSE">
            <descr>
                The language of the localized information.
            </descr>
        </column>
        <column name="RDL_LABEL" type="VARCHAR" size="50">
            <descr>
                An user-friendly label of the retention definition.
            </descr>
        </column>
        <column name="RDL_DESCRIPTION" type="VARCHAR" size="254">
            <descr>
                An user-friendly description of the retention definition.
            </descr>
        </column>
        <primarykey name="RDL_PK" dbname="RDL_RD_ID,RDL_LANGUAGE"/>
        <foreignkey name="RDL_FK1" dbname="RDL_RD_ID" ftable="RETENTION_DEFINITION" ffield="RD_ID"/>
    </dbtable>

    <dbtable name="DCOBJECT_RETENTION">
        <descr>A retention related to a dcobject</descr>
        <column name="DOR_OB_ID" type="BIGINT" null="FALSE">
            <descr>The id of object related to the retention.</descr>
        </column>
        <column name="DOR_RD_ID" type="BIGINT" null="FALSE">
            <descr>The id of the retention definition.</descr>
        </column>
        <column name="DOR_RETMIN_START" type="TIMESTAMP" null="FALSE">
            <descr>The time at which the retmin period starts.</descr>
        </column>
        <column name="DOR_RETVER_START" type="TIMESTAMP">
            <descr>The time at which the retver period starts.</descr>
        </column>
        <column name="DOR_HOLD" type="CHAR" size="1" null="FALSE">
            <descr>Indicates if the object is currently on hold.</descr>
        </column>
        <foreignkey name="DOR_FK1" dbname="DOR_OB_ID" ftable="DCOBJECT" ffield="OB_ID"/>
        <foreignkey name="DOR_FK2" dbname="DOR_RD_ID" ftable="RETENTION_DEFINITION" ffield="RD_ID" />
    </dbtable>
    
    <dbtable name="DR550_RD_LINKS">
        <descr>Link between a retention definition and a DR550 management class.</descr>
        <column name="DR550_RD_ID" type="BIGINT" null="FALSE">
            <descr>The id of the retention definition.</descr>
        </column>
        <column name="DR550_MC_CODE" type="VARCHAR" size="50" null="FALSE">
            <descr>The code of the DR550 management class.</descr>
        </column>
        <primarykey name="DR550_RDL_PK" dbname="DR550_RD_ID,DR550_MC_CODE"/>
        <foreignkey name="DR550_RDL_FK1" dbname="DR550_RD_ID" ftable="RETENTION_DEFINITION" ffield="RD_ID"/>
        <index name="DR550_RDL_IX1" dbname="DR550_RD_ID" type="UNIQUE"/>
        <index name="DR550_RDL_IX2" dbname="DR550_MC_CODE" type="UNIQUE"/>
    </dbtable>
</sdb>